locale	currency	currency_format_length	currency_display	input	expected
af	USD	short	code	0.0	USD 0
af	USD	short	code	1.2	USD 1,2
af	USD	short	code	0.00831765	USD 0,0083
af	USD	short	code	1234565.0	USD 1,2 m
af	USD	short	code	-1230.05	-USD 1,2 k
af	EUR	short	code	0.0	EUR 0
af	EUR	short	code	1.2	EUR 1,2
af	EUR	short	code	0.00831765	EUR 0,0083
af	EUR	short	code	1234565.0	EUR 1,2 m
af	EUR	short	code	-1230.05	-EUR 1,2 k
af	JPY	short	code	0.0	JPY 0
af	JPY	short	code	1.2	JPY 1,2
af	JPY	short	code	0.00831765	JPY 0,0083
af	JPY	short	code	1234565.0	JPY 1,2 m
af	JPY	short	code	-1230.05	-JPY 1,2 k
af	RUB	short	code	0.0	RUB 0
af	RUB	short	code	1.2	RUB 1,2
af	RUB	short	code	0.00831765	RUB 0,0083
af	RUB	short	code	1234565.0	RUB 1,2 m
af	RUB	short	code	-1230.05	-RUB 1,2 k
af	EGP	short	code	0.0	EGP 0
af	EGP	short	code	1.2	EGP 1,2
af	EGP	short	code	0.00831765	EGP 0,0083
af	EGP	short	code	1234565.0	EGP 1,2 m
af	EGP	short	code	-1230.05	-EGP 1,2 k
af		short	code	0.0	0
af		short	code	1.2	1,2
af		short	code	0.00831765	0,0083
af		short	code	1234565.0	1,2 m
af		short	code	-1230.05	-1,2 k
am	USD	short	code	0.0	USD 0
am	USD	short	code	1.2	USD 1.2
am	USD	short	code	0.00831765	USD 0.0083
am	USD	short	code	1234565.0	USD 1.2 ሚ
am	USD	short	code	-1230.05	-USD 1.2 ሺ
am	EUR	short	code	0.0	EUR 0
am	EUR	short	code	1.2	EUR 1.2
am	EUR	short	code	0.00831765	EUR 0.0083
am	EUR	short	code	1234565.0	EUR 1.2 ሚ
am	EUR	short	code	-1230.05	-EUR 1.2 ሺ
am	JPY	short	code	0.0	JPY 0
am	JPY	short	code	1.2	JPY 1.2
am	JPY	short	code	0.00831765	JPY 0.0083
am	JPY	short	code	1234565.0	JPY 1.2 ሚ
am	JPY	short	code	-1230.05	-JPY 1.2 ሺ
am	RUB	short	code	0.0	RUB 0
am	RUB	short	code	1.2	RUB 1.2
am	RUB	short	code	0.00831765	RUB 0.0083
am	RUB	short	code	1234565.0	RUB 1.2 ሚ
am	RUB	short	code	-1230.05	-RUB 1.2 ሺ
am	EGP	short	code	0.0	EGP 0
am	EGP	short	code	1.2	EGP 1.2
am	EGP	short	code	0.00831765	EGP 0.0083
am	EGP	short	code	1234565.0	EGP 1.2 ሚ
am	EGP	short	code	-1230.05	-EGP 1.2 ሺ
am		short	code	0.0	0
am		short	code	1.2	1.2
am		short	code	0.00831765	0.0083
am		short	code	1234565.0	1.2 ሚ
am		short	code	-1230.05	-1.2 ሺ
as	USD	short	code	0.0	USD ০
as	USD	short	code	1.2	USD ১.২
as	USD	short	code	0.00831765	USD ০.০০৮৩
as	USD	short	code	1234565.0	USD ১.২ নিযুত
as	USD	short	code	-1230.05	-USD ১.২ হাজাৰ
as	EUR	short	code	0.0	EUR ০
as	EUR	short	code	1.2	EUR ১.২
as	EUR	short	code	0.00831765	EUR ০.০০৮৩
as	EUR	short	code	1234565.0	EUR ১.২ নিযুত
as	EUR	short	code	-1230.05	-EUR ১.২ হাজাৰ
as	JPY	short	code	0.0	JPY ০
as	JPY	short	code	1.2	JPY ১.২
as	JPY	short	code	0.00831765	JPY ০.০০৮৩
as	JPY	short	code	1234565.0	JPY ১.২ নিযুত
as	JPY	short	code	-1230.05	-JPY ১.২ হাজাৰ
as	RUB	short	code	0.0	RUB ০
as	RUB	short	code	1.2	RUB ১.২
as	RUB	short	code	0.00831765	RUB ০.০০৮৩
as	RUB	short	code	1234565.0	RUB ১.২ নিযুত
as	RUB	short	code	-1230.05	-RUB ১.২ হাজাৰ
as	EGP	short	code	0.0	EGP ০
as	EGP	short	code	1.2	EGP ১.২
as	EGP	short	code	0.00831765	EGP ০.০০৮৩
as	EGP	short	code	1234565.0	EGP ১.২ নিযুত
as	EGP	short	code	-1230.05	-EGP ১.২ হাজাৰ
as		short	code	0.0	০
as		short	code	1.2	১.২
as		short	code	0.00831765	০.০০৮৩
as		short	code	1234565.0	১.২ নিযুত
as		short	code	-1230.05	-১.২ হাজাৰ
az	USD	short	code	0.0	0 USD
az	USD	short	code	1.2	1,2 USD
az	USD	short	code	0.00831765	0,0083 USD
az	USD	short	code	1234565.0	1,2 mln USD
az	USD	short	code	-1230.05	-1,2K USD
az	EUR	short	code	0.0	0 EUR
az	EUR	short	code	1.2	1,2 EUR
az	EUR	short	code	0.00831765	0,0083 EUR
az	EUR	short	code	1234565.0	1,2 mln EUR
az	EUR	short	code	-1230.05	-1,2K EUR
az	JPY	short	code	0.0	0 JPY
az	JPY	short	code	1.2	1,2 JPY
az	JPY	short	code	0.00831765	0,0083 JPY
az	JPY	short	code	1234565.0	1,2 mln JPY
az	JPY	short	code	-1230.05	-1,2K JPY
az	RUB	short	code	0.0	0 RUB
az	RUB	short	code	1.2	1,2 RUB
az	RUB	short	code	0.00831765	0,0083 RUB
az	RUB	short	code	1234565.0	1,2 mln RUB
az	RUB	short	code	-1230.05	-1,2K RUB
az	EGP	short	code	0.0	0 EGP
az	EGP	short	code	1.2	1,2 EGP
az	EGP	short	code	0.00831765	0,0083 EGP
az	EGP	short	code	1234565.0	1,2 mln EGP
az	EGP	short	code	-1230.05	-1,2K EGP
az		short	code	0.0	0
az		short	code	1.2	1,2
az		short	code	0.00831765	0,0083
az		short	code	1234565.0	1,2 mln
az		short	code	-1230.05	-1,2K
be	USD	short	code	0.0	0 USD
be	USD	short	code	1.2	1,2 USD
be	USD	short	code	0.00831765	0,0083 USD
be	USD	short	code	1234565.0	1,2 млн USD
be	USD	short	code	-1230.05	-1,2 тыс. USD
be	EUR	short	code	0.0	0 EUR
be	EUR	short	code	1.2	1,2 EUR
be	EUR	short	code	0.00831765	0,0083 EUR
be	EUR	short	code	1234565.0	1,2 млн EUR
be	EUR	short	code	-1230.05	-1,2 тыс. EUR
be	JPY	short	code	0.0	0 JPY
be	JPY	short	code	1.2	1,2 JPY
be	JPY	short	code	0.00831765	0,0083 JPY
be	JPY	short	code	1234565.0	1,2 млн JPY
be	JPY	short	code	-1230.05	-1,2 тыс. JPY
be	RUB	short	code	0.0	0 RUB
be	RUB	short	code	1.2	1,2 RUB
be	RUB	short	code	0.00831765	0,0083 RUB
be	RUB	short	code	1234565.0	1,2 млн RUB
be	RUB	short	code	-1230.05	-1,2 тыс. RUB
be	EGP	short	code	0.0	0 EGP
be	EGP	short	code	1.2	1,2 EGP
be	EGP	short	code	0.00831765	0,0083 EGP
be	EGP	short	code	1234565.0	1,2 млн EGP
be	EGP	short	code	-1230.05	-1,2 тыс. EGP
be		short	code	0.0	0
be		short	code	1.2	1,2
be		short	code	0.00831765	0,0083
be		short	code	1234565.0	1,2 млн
be		short	code	-1230.05	-1,2 тыс.
bg	USD	short	code	0.0	0 USD
bg	USD	short	code	1.2	1,2 USD
bg	USD	short	code	0.00831765	0,0083 USD
bg	USD	short	code	1234565.0	1,2 млн. USD
bg	USD	short	code	-1230.05	-1,2 хил. USD
bg	EUR	short	code	0.0	0 EUR
bg	EUR	short	code	1.2	1,2 EUR
bg	EUR	short	code	0.00831765	0,0083 EUR
bg	EUR	short	code	1234565.0	1,2 млн. EUR
bg	EUR	short	code	-1230.05	-1,2 хил. EUR
bg	JPY	short	code	0.0	0 JPY
bg	JPY	short	code	1.2	1,2 JPY
bg	JPY	short	code	0.00831765	0,0083 JPY
bg	JPY	short	code	1234565.0	1,2 млн. JPY
bg	JPY	short	code	-1230.05	-1,2 хил. JPY
bg	RUB	short	code	0.0	0 RUB
bg	RUB	short	code	1.2	1,2 RUB
bg	RUB	short	code	0.00831765	0,0083 RUB
bg	RUB	short	code	1234565.0	1,2 млн. RUB
bg	RUB	short	code	-1230.05	-1,2 хил. RUB
bg	EGP	short	code	0.0	0 EGP
bg	EGP	short	code	1.2	1,2 EGP
bg	EGP	short	code	0.00831765	0,0083 EGP
bg	EGP	short	code	1234565.0	1,2 млн. EGP
bg	EGP	short	code	-1230.05	-1,2 хил. EGP
bg		short	code	0.0	0
bg		short	code	1.2	1,2
bg		short	code	0.00831765	0,0083
bg		short	code	1234565.0	1,2 млн.
bg		short	code	-1230.05	-1,2 хил.
bs	USD	short	code	0.0	0 USD
bs	USD	short	code	1.2	1,2 USD
bs	USD	short	code	0.00831765	0,0083 USD
bs	USD	short	code	1234565.0	1,2 mil. USD
bs	USD	short	code	-1230.05	-1,2 hilj. USD
bs	EUR	short	code	0.0	0 EUR
bs	EUR	short	code	1.2	1,2 EUR
bs	EUR	short	code	0.00831765	0,0083 EUR
bs	EUR	short	code	1234565.0	1,2 mil. EUR
bs	EUR	short	code	-1230.05	-1,2 hilj. EUR
bs	JPY	short	code	0.0	0 JPY
bs	JPY	short	code	1.2	1,2 JPY
bs	JPY	short	code	0.00831765	0,0083 JPY
bs	JPY	short	code	1234565.0	1,2 mil. JPY
bs	JPY	short	code	-1230.05	-1,2 hilj. JPY
bs	RUB	short	code	0.0	0 RUB
bs	RUB	short	code	1.2	1,2 RUB
bs	RUB	short	code	0.00831765	0,0083 RUB
bs	RUB	short	code	1234565.0	1,2 mil. RUB
bs	RUB	short	code	-1230.05	-1,2 hilj. RUB
bs	EGP	short	code	0.0	0 EGP
bs	EGP	short	code	1.2	1,2 EGP
bs	EGP	short	code	0.00831765	0,0083 EGP
bs	EGP	short	code	1234565.0	1,2 mil. EGP
bs	EGP	short	code	-1230.05	-1,2 hilj. EGP
bs		short	code	0.0	0
bs		short	code	1.2	1,2
bs		short	code	0.00831765	0,0083
bs		short	code	1234565.0	1,2 mil.
bs		short	code	-1230.05	-1,2 hilj.
ca	USD	short	code	0.0	0 USD
ca	USD	short	code	1.2	1,2 USD
ca	USD	short	code	0.00831765	0,0083 USD
ca	USD	short	code	1234565.0	1,2 M USD
ca	USD	short	code	-1230.05	-1,2 k USD
ca	EUR	short	code	0.0	0 EUR
ca	EUR	short	code	1.2	1,2 EUR
ca	EUR	short	code	0.00831765	0,0083 EUR
ca	EUR	short	code	1234565.0	1,2 M EUR
ca	EUR	short	code	-1230.05	-1,2 k EUR
ca	JPY	short	code	0.0	0 JPY
ca	JPY	short	code	1.2	1,2 JPY
ca	JPY	short	code	0.00831765	0,0083 JPY
ca	JPY	short	code	1234565.0	1,2 M JPY
ca	JPY	short	code	-1230.05	-1,2 k JPY
ca	RUB	short	code	0.0	0 RUB
ca	RUB	short	code	1.2	1,2 RUB
ca	RUB	short	code	0.00831765	0,0083 RUB
ca	RUB	short	code	1234565.0	1,2 M RUB
ca	RUB	short	code	-1230.05	-1,2 k RUB
ca	EGP	short	code	0.0	0 EGP
ca	EGP	short	code	1.2	1,2 EGP
ca	EGP	short	code	0.00831765	0,0083 EGP
ca	EGP	short	code	1234565.0	1,2 M EGP
ca	EGP	short	code	-1230.05	-1,2 k EGP
ca		short	code	0.0	0
ca		short	code	1.2	1,2
ca		short	code	0.00831765	0,0083
ca		short	code	1234565.0	1,2 M
ca		short	code	-1230.05	-1,2 k
cs	USD	short	code	0.0	0 USD
cs	USD	short	code	1.2	1,2 USD
cs	USD	short	code	0.00831765	0,0083 USD
cs	USD	short	code	1234565.0	1,2 mil. USD
cs	USD	short	code	-1230.05	-1,2 tis. USD
cs	EUR	short	code	0.0	0 EUR
cs	EUR	short	code	1.2	1,2 EUR
cs	EUR	short	code	0.00831765	0,0083 EUR
cs	EUR	short	code	1234565.0	1,2 mil. EUR
cs	EUR	short	code	-1230.05	-1,2 tis. EUR
cs	JPY	short	code	0.0	0 JPY
cs	JPY	short	code	1.2	1,2 JPY
cs	JPY	short	code	0.00831765	0,0083 JPY
cs	JPY	short	code	1234565.0	1,2 mil. JPY
cs	JPY	short	code	-1230.05	-1,2 tis. JPY
cs	RUB	short	code	0.0	0 RUB
cs	RUB	short	code	1.2	1,2 RUB
cs	RUB	short	code	0.00831765	0,0083 RUB
cs	RUB	short	code	1234565.0	1,2 mil. RUB
cs	RUB	short	code	-1230.05	-1,2 tis. RUB
cs	EGP	short	code	0.0	0 EGP
cs	EGP	short	code	1.2	1,2 EGP
cs	EGP	short	code	0.00831765	0,0083 EGP
cs	EGP	short	code	1234565.0	1,2 mil. EGP
cs	EGP	short	code	-1230.05	-1,2 tis. EGP
cs		short	code	0.0	0
cs		short	code	1.2	1,2
cs		short	code	0.00831765	0,0083
cs		short	code	1234565.0	1,2 mil.
cs		short	code	-1230.05	-1,2 tis.
cy	USD	short	code	0.0	USD 0
cy	USD	short	code	1.2	USD 1.2
cy	USD	short	code	0.00831765	USD 0.0083
cy	USD	short	code	1234565.0	USD 1.2M
cy	USD	short	code	-1230.05	-USD 1.2K
cy	EUR	short	code	0.0	EUR 0
cy	EUR	short	code	1.2	EUR 1.2
cy	EUR	short	code	0.00831765	EUR 0.0083
cy	EUR	short	code	1234565.0	EUR 1.2M
cy	EUR	short	code	-1230.05	-EUR 1.2K
cy	JPY	short	code	0.0	JPY 0
cy	JPY	short	code	1.2	JPY 1.2
cy	JPY	short	code	0.00831765	JPY 0.0083
cy	JPY	short	code	1234565.0	JPY 1.2M
cy	JPY	short	code	-1230.05	-JPY 1.2K
cy	RUB	short	code	0.0	RUB 0
cy	RUB	short	code	1.2	RUB 1.2
cy	RUB	short	code	0.00831765	RUB 0.0083
cy	RUB	short	code	1234565.0	RUB 1.2M
cy	RUB	short	code	-1230.05	-RUB 1.2K
cy	EGP	short	code	0.0	EGP 0
cy	EGP	short	code	1.2	EGP 1.2
cy	EGP	short	code	0.00831765	EGP 0.0083
cy	EGP	short	code	1234565.0	EGP 1.2M
cy	EGP	short	code	-1230.05	-EGP 1.2K
cy		short	code	0.0	0
cy		short	code	1.2	1.2
cy		short	code	0.00831765	0.0083
cy		short	code	1234565.0	1.2M
cy		short	code	-1230.05	-1.2K
da	USD	short	code	0.0	0 USD
da	USD	short	code	1.2	1,2 USD
da	USD	short	code	0.00831765	0,0083 USD
da	USD	short	code	1234565.0	1,2 mio. USD
da	USD	short	code	-1230.05	-1,2 t USD
da	EUR	short	code	0.0	0 EUR
da	EUR	short	code	1.2	1,2 EUR
da	EUR	short	code	0.00831765	0,0083 EUR
da	EUR	short	code	1234565.0	1,2 mio. EUR
da	EUR	short	code	-1230.05	-1,2 t EUR
da	JPY	short	code	0.0	0 JPY
da	JPY	short	code	1.2	1,2 JPY
da	JPY	short	code	0.00831765	0,0083 JPY
da	JPY	short	code	1234565.0	1,2 mio. JPY
da	JPY	short	code	-1230.05	-1,2 t JPY
da	RUB	short	code	0.0	0 RUB
da	RUB	short	code	1.2	1,2 RUB
da	RUB	short	code	0.00831765	0,0083 RUB
da	RUB	short	code	1234565.0	1,2 mio. RUB
da	RUB	short	code	-1230.05	-1,2 t RUB
da	EGP	short	code	0.0	0 EGP
da	EGP	short	code	1.2	1,2 EGP
da	EGP	short	code	0.00831765	0,0083 EGP
da	EGP	short	code	1234565.0	1,2 mio. EGP
da	EGP	short	code	-1230.05	-1,2 t EGP
da		short	code	0.0	0
da		short	code	1.2	1,2
da		short	code	0.00831765	0,0083
da		short	code	1234565.0	1,2 mio.
da		short	code	-1230.05	-1,2 t
el	USD	short	code	0.0	0 USD
el	USD	short	code	1.2	1,2 USD
el	USD	short	code	0.00831765	0,0083 USD
el	USD	short	code	1234565.0	1,2 εκ. USD
el	USD	short	code	-1230.05	-1,2 χιλ. USD
el	EUR	short	code	0.0	0 EUR
el	EUR	short	code	1.2	1,2 EUR
el	EUR	short	code	0.00831765	0,0083 EUR
el	EUR	short	code	1234565.0	1,2 εκ. EUR
el	EUR	short	code	-1230.05	-1,2 χιλ. EUR
el	JPY	short	code	0.0	0 JPY
el	JPY	short	code	1.2	1,2 JPY
el	JPY	short	code	0.00831765	0,0083 JPY
el	JPY	short	code	1234565.0	1,2 εκ. JPY
el	JPY	short	code	-1230.05	-1,2 χιλ. JPY
el	RUB	short	code	0.0	0 RUB
el	RUB	short	code	1.2	1,2 RUB
el	RUB	short	code	0.00831765	0,0083 RUB
el	RUB	short	code	1234565.0	1,2 εκ. RUB
el	RUB	short	code	-1230.05	-1,2 χιλ. RUB
el	EGP	short	code	0.0	0 EGP
el	EGP	short	code	1.2	1,2 EGP
el	EGP	short	code	0.00831765	0,0083 EGP
el	EGP	short	code	1234565.0	1,2 εκ. EGP
el	EGP	short	code	-1230.05	-1,2 χιλ. EGP
el		short	code	0.0	0
el		short	code	1.2	1,2
el		short	code	0.00831765	0,0083
el		short	code	1234565.0	1,2 εκ.
el		short	code	-1230.05	-1,2 χιλ.
en_AU	USD	short	code	0.0	USD 0
en_AU	USD	short	code	1.2	USD 1.2
en_AU	USD	short	code	0.00831765	USD 0.0083
en_AU	USD	short	code	1234565.0	USD 1.2M
en_AU	USD	short	code	-1230.05	-USD 1.2K
en_AU	EUR	short	code	0.0	EUR 0
en_AU	EUR	short	code	1.2	EUR 1.2
en_AU	EUR	short	code	0.00831765	EUR 0.0083
en_AU	EUR	short	code	1234565.0	EUR 1.2M
en_AU	EUR	short	code	-1230.05	-EUR 1.2K
en_AU	JPY	short	code	0.0	JPY 0
en_AU	JPY	short	code	1.2	JPY 1.2
en_AU	JPY	short	code	0.00831765	JPY 0.0083
en_AU	JPY	short	code	1234565.0	JPY 1.2M
en_AU	JPY	short	code	-1230.05	-JPY 1.2K
en_AU	RUB	short	code	0.0	RUB 0
en_AU	RUB	short	code	1.2	RUB 1.2
en_AU	RUB	short	code	0.00831765	RUB 0.0083
en_AU	RUB	short	code	1234565.0	RUB 1.2M
en_AU	RUB	short	code	-1230.05	-RUB 1.2K
en_AU	EGP	short	code	0.0	EGP 0
en_AU	EGP	short	code	1.2	EGP 1.2
en_AU	EGP	short	code	0.00831765	EGP 0.0083
en_AU	EGP	short	code	1234565.0	EGP 1.2M
en_AU	EGP	short	code	-1230.05	-EGP 1.2K
en_AU		short	code	0.0	0
en_AU		short	code	1.2	1.2
en_AU		short	code	0.00831765	0.0083
en_AU		short	code	1234565.0	1.2M
en_AU		short	code	-1230.05	-1.2K
en_CA	USD	short	code	0.0	USD 0
en_CA	USD	short	code	1.2	USD 1.2
en_CA	USD	short	code	0.00831765	USD 0.0083
en_CA	USD	short	code	1234565.0	USD 1.2M
en_CA	USD	short	code	-1230.05	-USD 1.2K
en_CA	EUR	short	code	0.0	EUR 0
en_CA	EUR	short	code	1.2	EUR 1.2
en_CA	EUR	short	code	0.00831765	EUR 0.0083
en_CA	EUR	short	code	1234565.0	EUR 1.2M
en_CA	EUR	short	code	-1230.05	-EUR 1.2K
en_CA	JPY	short	code	0.0	JPY 0
en_CA	JPY	short	code	1.2	JPY 1.2
en_CA	JPY	short	code	0.00831765	JPY 0.0083
en_CA	JPY	short	code	1234565.0	JPY 1.2M
en_CA	JPY	short	code	-1230.05	-JPY 1.2K
en_CA	RUB	short	code	0.0	RUB 0
en_CA	RUB	short	code	1.2	RUB 1.2
en_CA	RUB	short	code	0.00831765	RUB 0.0083
en_CA	RUB	short	code	1234565.0	RUB 1.2M
en_CA	RUB	short	code	-1230.05	-RUB 1.2K
en_CA	EGP	short	code	0.0	EGP 0
en_CA	EGP	short	code	1.2	EGP 1.2
en_CA	EGP	short	code	0.00831765	EGP 0.0083
en_CA	EGP	short	code	1234565.0	EGP 1.2M
en_CA	EGP	short	code	-1230.05	-EGP 1.2K
en_CA		short	code	0.0	0
en_CA		short	code	1.2	1.2
en_CA		short	code	0.00831765	0.0083
en_CA		short	code	1234565.0	1.2M
en_CA		short	code	-1230.05	-1.2K
en_GB	USD	short	code	0.0	USD 0
en_GB	USD	short	code	1.2	USD 1.2
en_GB	USD	short	code	0.00831765	USD 0.0083
en_GB	USD	short	code	1234565.0	USD 1.2m
en_GB	USD	short	code	-1230.05	-USD 1.2k
en_GB	EUR	short	code	0.0	EUR 0
en_GB	EUR	short	code	1.2	EUR 1.2
en_GB	EUR	short	code	0.00831765	EUR 0.0083
en_GB	EUR	short	code	1234565.0	EUR 1.2m
en_GB	EUR	short	code	-1230.05	-EUR 1.2k
en_GB	JPY	short	code	0.0	JPY 0
en_GB	JPY	short	code	1.2	JPY 1.2
en_GB	JPY	short	code	0.00831765	JPY 0.0083
en_GB	JPY	short	code	1234565.0	JPY 1.2m
en_GB	JPY	short	code	-1230.05	-JPY 1.2k
en_GB	RUB	short	code	0.0	RUB 0
en_GB	RUB	short	code	1.2	RUB 1.2
en_GB	RUB	short	code	0.00831765	RUB 0.0083
en_GB	RUB	short	code	1234565.0	RUB 1.2m
en_GB	RUB	short	code	-1230.05	-RUB 1.2k
en_GB	EGP	short	code	0.0	EGP 0
en_GB	EGP	short	code	1.2	EGP 1.2
en_GB	EGP	short	code	0.00831765	EGP 0.0083
en_GB	EGP	short	code	1234565.0	EGP 1.2m
en_GB	EGP	short	code	-1230.05	-EGP 1.2k
en_GB		short	code	0.0	0
en_GB		short	code	1.2	1.2
en_GB		short	code	0.00831765	0.0083
en_GB		short	code	1234565.0	1.2m
en_GB		short	code	-1230.05	-1.2k
en_IN	USD	short	code	0.0	USD 0
en_IN	USD	short	code	1.2	USD 1.2
en_IN	USD	short	code	0.00831765	USD 0.0083
en_IN	USD	short	code	1234565.0	USD 12L
en_IN	USD	short	code	-1230.05	-USD 1.2K
en_IN	EUR	short	code	0.0	EUR 0
en_IN	EUR	short	code	1.2	EUR 1.2
en_IN	EUR	short	code	0.00831765	EUR 0.0083
en_IN	EUR	short	code	1234565.0	EUR 12L
en_IN	EUR	short	code	-1230.05	-EUR 1.2K
en_IN	JPY	short	code	0.0	JPY 0
en_IN	JPY	short	code	1.2	JPY 1.2
en_IN	JPY	short	code	0.00831765	JPY 0.0083
en_IN	JPY	short	code	1234565.0	JPY 12L
en_IN	JPY	short	code	-1230.05	-JPY 1.2K
en_IN	RUB	short	code	0.0	RUB 0
en_IN	RUB	short	code	1.2	RUB 1.2
en_IN	RUB	short	code	0.00831765	RUB 0.0083
en_IN	RUB	short	code	1234565.0	RUB 12L
en_IN	RUB	short	code	-1230.05	-RUB 1.2K
en_IN	EGP	short	code	0.0	EGP 0
en_IN	EGP	short	code	1.2	EGP 1.2
en_IN	EGP	short	code	0.00831765	EGP 0.0083
en_IN	EGP	short	code	1234565.0	EGP 12L
en_IN	EGP	short	code	-1230.05	-EGP 1.2K
en_IN		short	code	0.0	0
en_IN		short	code	1.2	1.2
en_IN		short	code	0.00831765	0.0083
en_IN		short	code	1234565.0	12L
en_IN		short	code	-1230.05	-1.2K
es	USD	short	code	0.0	0 USD
es	USD	short	code	1.2	1,2 USD
es	USD	short	code	0.00831765	0,0083 USD
es	USD	short	code	1234565.0	1,2 M USD
es	USD	short	code	-1230.05	-1,2 mil USD
es	EUR	short	code	0.0	0 EUR
es	EUR	short	code	1.2	1,2 EUR
es	EUR	short	code	0.00831765	0,0083 EUR
es	EUR	short	code	1234565.0	1,2 M EUR
es	EUR	short	code	-1230.05	-1,2 mil EUR
es	JPY	short	code	0.0	0 JPY
es	JPY	short	code	1.2	1,2 JPY
es	JPY	short	code	0.00831765	0,0083 JPY
es	JPY	short	code	1234565.0	1,2 M JPY
es	JPY	short	code	-1230.05	-1,2 mil JPY
es	RUB	short	code	0.0	0 RUB
es	RUB	short	code	1.2	1,2 RUB
es	RUB	short	code	0.00831765	0,0083 RUB
es	RUB	short	code	1234565.0	1,2 M RUB
es	RUB	short	code	-1230.05	-1,2 mil RUB
es	EGP	short	code	0.0	0 EGP
es	EGP	short	code	1.2	1,2 EGP
es	EGP	short	code	0.00831765	0,0083 EGP
es	EGP	short	code	1234565.0	1,2 M EGP
es	EGP	short	code	-1230.05	-1,2 mil EGP
es		short	code	0.0	0
es		short	code	1.2	1,2
es		short	code	0.00831765	0,0083
es		short	code	1234565.0	1,2 M
es		short	code	-1230.05	-1,2 mil
es_419	USD	short	code	0.0	USD 0
es_419	USD	short	code	1.2	USD 1.2
es_419	USD	short	code	0.00831765	USD 0.0083
es_419	USD	short	code	1234565.0	USD 1.2 M
es_419	USD	short	code	-1230.05	-USD 1.2 K
es_419	EUR	short	code	0.0	EUR 0
es_419	EUR	short	code	1.2	EUR 1.2
es_419	EUR	short	code	0.00831765	EUR 0.0083
es_419	EUR	short	code	1234565.0	EUR 1.2 M
es_419	EUR	short	code	-1230.05	-EUR 1.2 K
es_419	JPY	short	code	0.0	JPY 0
es_419	JPY	short	code	1.2	JPY 1.2
es_419	JPY	short	code	0.00831765	JPY 0.0083
es_419	JPY	short	code	1234565.0	JPY 1.2 M
es_419	JPY	short	code	-1230.05	-JPY 1.2 K
es_419	RUB	short	code	0.0	RUB 0
es_419	RUB	short	code	1.2	RUB 1.2
es_419	RUB	short	code	0.00831765	RUB 0.0083
es_419	RUB	short	code	1234565.0	RUB 1.2 M
es_419	RUB	short	code	-1230.05	-RUB 1.2 K
es_419	EGP	short	code	0.0	EGP 0
es_419	EGP	short	code	1.2	EGP 1.2
es_419	EGP	short	code	0.00831765	EGP 0.0083
es_419	EGP	short	code	1234565.0	EGP 1.2 M
es_419	EGP	short	code	-1230.05	-EGP 1.2 K
es_419		short	code	0.0	0
es_419		short	code	1.2	1.2
es_419		short	code	0.00831765	0.0083
es_419		short	code	1234565.0	1.2 M
es_419		short	code	-1230.05	-1.2 K
es_MX	USD	short	code	0.0	USD 0
es_MX	USD	short	code	1.2	USD 1.2
es_MX	USD	short	code	0.00831765	USD 0.0083
es_MX	USD	short	code	1234565.0	USD 1.2 M
es_MX	USD	short	code	-1230.05	-USD 1.2 k
es_MX	EUR	short	code	0.0	EUR 0
es_MX	EUR	short	code	1.2	EUR 1.2
es_MX	EUR	short	code	0.00831765	EUR 0.0083
es_MX	EUR	short	code	1234565.0	EUR 1.2 M
es_MX	EUR	short	code	-1230.05	-EUR 1.2 k
es_MX	JPY	short	code	0.0	JPY 0
es_MX	JPY	short	code	1.2	JPY 1.2
es_MX	JPY	short	code	0.00831765	JPY 0.0083
es_MX	JPY	short	code	1234565.0	JPY 1.2 M
es_MX	JPY	short	code	-1230.05	-JPY 1.2 k
es_MX	RUB	short	code	0.0	RUB 0
es_MX	RUB	short	code	1.2	RUB 1.2
es_MX	RUB	short	code	0.00831765	RUB 0.0083
es_MX	RUB	short	code	1234565.0	RUB 1.2 M
es_MX	RUB	short	code	-1230.05	-RUB 1.2 k
es_MX	EGP	short	code	0.0	EGP 0
es_MX	EGP	short	code	1.2	EGP 1.2
es_MX	EGP	short	code	0.00831765	EGP 0.0083
es_MX	EGP	short	code	1234565.0	EGP 1.2 M
es_MX	EGP	short	code	-1230.05	-EGP 1.2 k
es_MX		short	code	0.0	0
es_MX		short	code	1.2	1.2
es_MX		short	code	0.00831765	0.0083
es_MX		short	code	1234565.0	1.2 M
es_MX		short	code	-1230.05	-1.2 k
es_US	USD	short	code	0.0	USD 0
es_US	USD	short	code	1.2	USD 1.2
es_US	USD	short	code	0.00831765	USD 0.0083
es_US	USD	short	code	1234565.0	USD 1.2 M
es_US	USD	short	code	-1230.05	-USD 1.2 K
es_US	EUR	short	code	0.0	EUR 0
es_US	EUR	short	code	1.2	EUR 1.2
es_US	EUR	short	code	0.00831765	EUR 0.0083
es_US	EUR	short	code	1234565.0	EUR 1.2 M
es_US	EUR	short	code	-1230.05	-EUR 1.2 K
es_US	JPY	short	code	0.0	JPY 0
es_US	JPY	short	code	1.2	JPY 1.2
es_US	JPY	short	code	0.00831765	JPY 0.0083
es_US	JPY	short	code	1234565.0	JPY 1.2 M
es_US	JPY	short	code	-1230.05	-JPY 1.2 K
es_US	RUB	short	code	0.0	RUB 0
es_US	RUB	short	code	1.2	RUB 1.2
es_US	RUB	short	code	0.00831765	RUB 0.0083
es_US	RUB	short	code	1234565.0	RUB 1.2 M
es_US	RUB	short	code	-1230.05	-RUB 1.2 K
es_US	EGP	short	code	0.0	EGP 0
es_US	EGP	short	code	1.2	EGP 1.2
es_US	EGP	short	code	0.00831765	EGP 0.0083
es_US	EGP	short	code	1234565.0	EGP 1.2 M
es_US	EGP	short	code	-1230.05	-EGP 1.2 K
es_US		short	code	0.0	0
es_US		short	code	1.2	1.2
es_US		short	code	0.00831765	0.0083
es_US		short	code	1234565.0	1.2 M
es_US		short	code	-1230.05	-1.2 K
et	USD	short	code	0.0	0 USD
et	USD	short	code	1.2	1,2 USD
et	USD	short	code	0.00831765	0,0083 USD
et	USD	short	code	1234565.0	1,2 mln USD
et	USD	short	code	-1230.05	−1,2 tuh USD
et	EUR	short	code	0.0	0 EUR
et	EUR	short	code	1.2	1,2 EUR
et	EUR	short	code	0.00831765	0,0083 EUR
et	EUR	short	code	1234565.0	1,2 mln EUR
et	EUR	short	code	-1230.05	−1,2 tuh EUR
et	JPY	short	code	0.0	0 JPY
et	JPY	short	code	1.2	1,2 JPY
et	JPY	short	code	0.00831765	0,0083 JPY
et	JPY	short	code	1234565.0	1,2 mln JPY
et	JPY	short	code	-1230.05	−1,2 tuh JPY
et	RUB	short	code	0.0	0 RUB
et	RUB	short	code	1.2	1,2 RUB
et	RUB	short	code	0.00831765	0,0083 RUB
et	RUB	short	code	1234565.0	1,2 mln RUB
et	RUB	short	code	-1230.05	−1,2 tuh RUB
et	EGP	short	code	0.0	0 EGP
et	EGP	short	code	1.2	1,2 EGP
et	EGP	short	code	0.00831765	0,0083 EGP
et	EGP	short	code	1234565.0	1,2 mln EGP
et	EGP	short	code	-1230.05	−1,2 tuh EGP
et		short	code	0.0	0
et		short	code	1.2	1,2
et		short	code	0.00831765	0,0083
et		short	code	1234565.0	1,2 mln
et		short	code	-1230.05	−1,2 tuh
eu	USD	short	code	0.0	0 USD
eu	USD	short	code	1.2	1,2 USD
eu	USD	short	code	0.00831765	0,0083 USD
eu	USD	short	code	1234565.0	1,2 M USD
eu	USD	short	code	-1230.05	−1230 USD
eu	EUR	short	code	0.0	0 EUR
eu	EUR	short	code	1.2	1,2 EUR
eu	EUR	short	code	0.00831765	0,0083 EUR
eu	EUR	short	code	1234565.0	1,2 M EUR
eu	EUR	short	code	-1230.05	−1230 EUR
eu	JPY	short	code	0.0	0 JPY
eu	JPY	short	code	1.2	1,2 JPY
eu	JPY	short	code	0.00831765	0,0083 JPY
eu	JPY	short	code	1234565.0	1,2 M JPY
eu	JPY	short	code	-1230.05	−1230 JPY
eu	RUB	short	code	0.0	0 RUB
eu	RUB	short	code	1.2	1,2 RUB
eu	RUB	short	code	0.00831765	0,0083 RUB
eu	RUB	short	code	1234565.0	1,2 M RUB
eu	RUB	short	code	-1230.05	−1230 RUB
eu	EGP	short	code	0.0	0 EGP
eu	EGP	short	code	1.2	1,2 EGP
eu	EGP	short	code	0.00831765	0,0083 EGP
eu	EGP	short	code	1234565.0	1,2 M EGP
eu	EGP	short	code	-1230.05	−1230 EGP
eu		short	code	0.0	0
eu		short	code	1.2	1,2
eu		short	code	0.00831765	0,0083
eu		short	code	1234565.0	1,2 M
eu		short	code	-1230.05	−1230
fa	USD	short	code	0.0	‎USD ۰
fa	USD	short	code	1.2	‎USD ۱٫۲
fa	USD	short	code	0.00831765	‎USD ۰٫۰۰۸۳
fa	USD	short	code	1234565.0	‎USD ۱٫۲ میلیون
fa	USD	short	code	-1230.05	‎−‎USD ۱٫۲ هزار
fa	EUR	short	code	0.0	‎EUR ۰
fa	EUR	short	code	1.2	‎EUR ۱٫۲
fa	EUR	short	code	0.00831765	‎EUR ۰٫۰۰۸۳
fa	EUR	short	code	1234565.0	‎EUR ۱٫۲ میلیون
fa	EUR	short	code	-1230.05	‎−‎EUR ۱٫۲ هزار
fa	JPY	short	code	0.0	‎JPY ۰
fa	JPY	short	code	1.2	‎JPY ۱٫۲
fa	JPY	short	code	0.00831765	‎JPY ۰٫۰۰۸۳
fa	JPY	short	code	1234565.0	‎JPY ۱٫۲ میلیون
fa	JPY	short	code	-1230.05	‎−‎JPY ۱٫۲ هزار
fa	RUB	short	code	0.0	‎RUB ۰
fa	RUB	short	code	1.2	‎RUB ۱٫۲
fa	RUB	short	code	0.00831765	‎RUB ۰٫۰۰۸۳
fa	RUB	short	code	1234565.0	‎RUB ۱٫۲ میلیون
fa	RUB	short	code	-1230.05	‎−‎RUB ۱٫۲ هزار
fa	EGP	short	code	0.0	‎EGP ۰
fa	EGP	short	code	1.2	‎EGP ۱٫۲
fa	EGP	short	code	0.00831765	‎EGP ۰٫۰۰۸۳
fa	EGP	short	code	1234565.0	‎EGP ۱٫۲ میلیون
fa	EGP	short	code	-1230.05	‎−‎EGP ۱٫۲ هزار
fa		short	code	0.0	۰
fa		short	code	1.2	۱٫۲
fa		short	code	0.00831765	۰٫۰۰۸۳
fa		short	code	1234565.0	۱٫۲ میلیون
fa		short	code	-1230.05	‎−۱٫۲ هزار
fi	USD	short	code	0.0	0 USD
fi	USD	short	code	1.2	1,2 USD
fi	USD	short	code	0.00831765	0,0083 USD
fi	USD	short	code	1234565.0	1,2 milj. USD
fi	USD	short	code	-1230.05	−1,2 t. USD
fi	EUR	short	code	0.0	0 EUR
fi	EUR	short	code	1.2	1,2 EUR
fi	EUR	short	code	0.00831765	0,0083 EUR
fi	EUR	short	code	1234565.0	1,2 milj. EUR
fi	EUR	short	code	-1230.05	−1,2 t. EUR
fi	JPY	short	code	0.0	0 JPY
fi	JPY	short	code	1.2	1,2 JPY
fi	JPY	short	code	0.00831765	0,0083 JPY
fi	JPY	short	code	1234565.0	1,2 milj. JPY
fi	JPY	short	code	-1230.05	−1,2 t. JPY
fi	RUB	short	code	0.0	0 RUB
fi	RUB	short	code	1.2	1,2 RUB
fi	RUB	short	code	0.00831765	0,0083 RUB
fi	RUB	short	code	1234565.0	1,2 milj. RUB
fi	RUB	short	code	-1230.05	−1,2 t. RUB
fi	EGP	short	code	0.0	0 EGP
fi	EGP	short	code	1.2	1,2 EGP
fi	EGP	short	code	0.00831765	0,0083 EGP
fi	EGP	short	code	1234565.0	1,2 milj. EGP
fi	EGP	short	code	-1230.05	−1,2 t. EGP
fi		short	code	0.0	0
fi		short	code	1.2	1,2
fi		short	code	0.00831765	0,0083
fi		short	code	1234565.0	1,2 milj.
fi		short	code	-1230.05	−1,2 t.
fil	USD	short	code	0.0	USD 0
fil	USD	short	code	1.2	USD 1.2
fil	USD	short	code	0.00831765	USD 0.0083
fil	USD	short	code	1234565.0	USD 1.2M
fil	USD	short	code	-1230.05	-USD 1.2K
fil	EUR	short	code	0.0	EUR 0
fil	EUR	short	code	1.2	EUR 1.2
fil	EUR	short	code	0.00831765	EUR 0.0083
fil	EUR	short	code	1234565.0	EUR 1.2M
fil	EUR	short	code	-1230.05	-EUR 1.2K
fil	JPY	short	code	0.0	JPY 0
fil	JPY	short	code	1.2	JPY 1.2
fil	JPY	short	code	0.00831765	JPY 0.0083
fil	JPY	short	code	1234565.0	JPY 1.2M
fil	JPY	short	code	-1230.05	-JPY 1.2K
fil	RUB	short	code	0.0	RUB 0
fil	RUB	short	code	1.2	RUB 1.2
fil	RUB	short	code	0.00831765	RUB 0.0083
fil	RUB	short	code	1234565.0	RUB 1.2M
fil	RUB	short	code	-1230.05	-RUB 1.2K
fil	EGP	short	code	0.0	EGP 0
fil	EGP	short	code	1.2	EGP 1.2
fil	EGP	short	code	0.00831765	EGP 0.0083
fil	EGP	short	code	1234565.0	EGP 1.2M
fil	EGP	short	code	-1230.05	-EGP 1.2K
fil		short	code	0.0	0
fil		short	code	1.2	1.2
fil		short	code	0.00831765	0.0083
fil		short	code	1234565.0	1.2M
fil		short	code	-1230.05	-1.2K
fr	USD	short	code	0.0	0 USD
fr	USD	short	code	1.2	1,2 USD
fr	USD	short	code	0.00831765	0,0083 USD
fr	USD	short	code	1234565.0	1,2 M USD
fr	USD	short	code	-1230.05	-1,2 k USD
fr	EUR	short	code	0.0	0 EUR
fr	EUR	short	code	1.2	1,2 EUR
fr	EUR	short	code	0.00831765	0,0083 EUR
fr	EUR	short	code	1234565.0	1,2 M EUR
fr	EUR	short	code	-1230.05	-1,2 k EUR
fr	JPY	short	code	0.0	0 JPY
fr	JPY	short	code	1.2	1,2 JPY
fr	JPY	short	code	0.00831765	0,0083 JPY
fr	JPY	short	code	1234565.0	1,2 M JPY
fr	JPY	short	code	-1230.05	-1,2 k JPY
fr	RUB	short	code	0.0	0 RUB
fr	RUB	short	code	1.2	1,2 RUB
fr	RUB	short	code	0.00831765	0,0083 RUB
fr	RUB	short	code	1234565.0	1,2 M RUB
fr	RUB	short	code	-1230.05	-1,2 k RUB
fr	EGP	short	code	0.0	0 EGP
fr	EGP	short	code	1.2	1,2 EGP
fr	EGP	short	code	0.00831765	0,0083 EGP
fr	EGP	short	code	1234565.0	1,2 M EGP
fr	EGP	short	code	-1230.05	-1,2 k EGP
fr		short	code	0.0	0
fr		short	code	1.2	1,2
fr		short	code	0.00831765	0,0083
fr		short	code	1234565.0	1,2 M
fr		short	code	-1230.05	-1,2 k
fr_CA	USD	short	code	0.0	0 USD
fr_CA	USD	short	code	1.2	1,2 USD
fr_CA	USD	short	code	0.00831765	0,0083 USD
fr_CA	USD	short	code	1234565.0	1,2 M USD
fr_CA	USD	short	code	-1230.05	-1,2 k USD
fr_CA	EUR	short	code	0.0	0 EUR
fr_CA	EUR	short	code	1.2	1,2 EUR
fr_CA	EUR	short	code	0.00831765	0,0083 EUR
fr_CA	EUR	short	code	1234565.0	1,2 M EUR
fr_CA	EUR	short	code	-1230.05	-1,2 k EUR
fr_CA	JPY	short	code	0.0	0 JPY
fr_CA	JPY	short	code	1.2	1,2 JPY
fr_CA	JPY	short	code	0.00831765	0,0083 JPY
fr_CA	JPY	short	code	1234565.0	1,2 M JPY
fr_CA	JPY	short	code	-1230.05	-1,2 k JPY
fr_CA	RUB	short	code	0.0	0 RUB
fr_CA	RUB	short	code	1.2	1,2 RUB
fr_CA	RUB	short	code	0.00831765	0,0083 RUB
fr_CA	RUB	short	code	1234565.0	1,2 M RUB
fr_CA	RUB	short	code	-1230.05	-1,2 k RUB
fr_CA	EGP	short	code	0.0	0 EGP
fr_CA	EGP	short	code	1.2	1,2 EGP
fr_CA	EGP	short	code	0.00831765	0,0083 EGP
fr_CA	EGP	short	code	1234565.0	1,2 M EGP
fr_CA	EGP	short	code	-1230.05	-1,2 k EGP
fr_CA		short	code	0.0	0
fr_CA		short	code	1.2	1,2
fr_CA		short	code	0.00831765	0,0083
fr_CA		short	code	1234565.0	1,2 M
fr_CA		short	code	-1230.05	-1,2 k
ga	USD	short	code	0.0	USD 0
ga	USD	short	code	1.2	USD 1.2
ga	USD	short	code	0.00831765	USD 0.0083
ga	USD	short	code	1234565.0	USD 1.2M
ga	USD	short	code	-1230.05	-USD 1.2k
ga	EUR	short	code	0.0	EUR 0
ga	EUR	short	code	1.2	EUR 1.2
ga	EUR	short	code	0.00831765	EUR 0.0083
ga	EUR	short	code	1234565.0	EUR 1.2M
ga	EUR	short	code	-1230.05	-EUR 1.2k
ga	JPY	short	code	0.0	JPY 0
ga	JPY	short	code	1.2	JPY 1.2
ga	JPY	short	code	0.00831765	JPY 0.0083
ga	JPY	short	code	1234565.0	JPY 1.2M
ga	JPY	short	code	-1230.05	-JPY 1.2k
ga	RUB	short	code	0.0	RUB 0
ga	RUB	short	code	1.2	RUB 1.2
ga	RUB	short	code	0.00831765	RUB 0.0083
ga	RUB	short	code	1234565.0	RUB 1.2M
ga	RUB	short	code	-1230.05	-RUB 1.2k
ga	EGP	short	code	0.0	EGP 0
ga	EGP	short	code	1.2	EGP 1.2
ga	EGP	short	code	0.00831765	EGP 0.0083
ga	EGP	short	code	1234565.0	EGP 1.2M
ga	EGP	short	code	-1230.05	-EGP 1.2k
ga		short	code	0.0	0
ga		short	code	1.2	1.2
ga		short	code	0.00831765	0.0083
ga		short	code	1234565.0	1.2M
ga		short	code	-1230.05	-1.2k
gd	USD	short	code	0.0	USD 0
gd	USD	short	code	1.2	USD 1.2
gd	USD	short	code	0.00831765	USD 0.0083
gd	USD	short	code	1234565.0	USD 1.2M
gd	USD	short	code	-1230.05	-USD 1.2K
gd	EUR	short	code	0.0	EUR 0
gd	EUR	short	code	1.2	EUR 1.2
gd	EUR	short	code	0.00831765	EUR 0.0083
gd	EUR	short	code	1234565.0	EUR 1.2M
gd	EUR	short	code	-1230.05	-EUR 1.2K
gd	JPY	short	code	0.0	JPY 0
gd	JPY	short	code	1.2	JPY 1.2
gd	JPY	short	code	0.00831765	JPY 0.0083
gd	JPY	short	code	1234565.0	JPY 1.2M
gd	JPY	short	code	-1230.05	-JPY 1.2K
gd	RUB	short	code	0.0	RUB 0
gd	RUB	short	code	1.2	RUB 1.2
gd	RUB	short	code	0.00831765	RUB 0.0083
gd	RUB	short	code	1234565.0	RUB 1.2M
gd	RUB	short	code	-1230.05	-RUB 1.2K
gd	EGP	short	code	0.0	EGP 0
gd	EGP	short	code	1.2	EGP 1.2
gd	EGP	short	code	0.00831765	EGP 0.0083
gd	EGP	short	code	1234565.0	EGP 1.2M
gd	EGP	short	code	-1230.05	-EGP 1.2K
gd		short	code	0.0	0
gd		short	code	1.2	1.2
gd		short	code	0.00831765	0.0083
gd		short	code	1234565.0	1.2M
gd		short	code	-1230.05	-1.2K
gl	USD	short	code	0.0	0 USD
gl	USD	short	code	1.2	1,2 USD
gl	USD	short	code	0.00831765	0,0083 USD
gl	USD	short	code	1234565.0	1,2 M USD
gl	USD	short	code	-1230.05	-1230 USD
gl	EUR	short	code	0.0	0 EUR
gl	EUR	short	code	1.2	1,2 EUR
gl	EUR	short	code	0.00831765	0,0083 EUR
gl	EUR	short	code	1234565.0	1,2 M EUR
gl	EUR	short	code	-1230.05	-1230 EUR
gl	JPY	short	code	0.0	0 JPY
gl	JPY	short	code	1.2	1,2 JPY
gl	JPY	short	code	0.00831765	0,0083 JPY
gl	JPY	short	code	1234565.0	1,2 M JPY
gl	JPY	short	code	-1230.05	-1230 JPY
gl	RUB	short	code	0.0	0 RUB
gl	RUB	short	code	1.2	1,2 RUB
gl	RUB	short	code	0.00831765	0,0083 RUB
gl	RUB	short	code	1234565.0	1,2 M RUB
gl	RUB	short	code	-1230.05	-1230 RUB
gl	EGP	short	code	0.0	0 EGP
gl	EGP	short	code	1.2	1,2 EGP
gl	EGP	short	code	0.00831765	0,0083 EGP
gl	EGP	short	code	1234565.0	1,2 M EGP
gl	EGP	short	code	-1230.05	-1230 EGP
gl		short	code	0.0	0
gl		short	code	1.2	1,2
gl		short	code	0.00831765	0,0083
gl		short	code	1234565.0	1,2 M
gl		short	code	-1230.05	-1230
gu	USD	short	code	0.0	USD 0
gu	USD	short	code	1.2	USD 1.2
gu	USD	short	code	0.00831765	USD 0.0083
gu	USD	short	code	1234565.0	USD 12 લાખ
gu	USD	short	code	-1230.05	-USD 1.2 હજાર
gu	EUR	short	code	0.0	EUR 0
gu	EUR	short	code	1.2	EUR 1.2
gu	EUR	short	code	0.00831765	EUR 0.0083
gu	EUR	short	code	1234565.0	EUR 12 લાખ
gu	EUR	short	code	-1230.05	-EUR 1.2 હજાર
gu	JPY	short	code	0.0	JPY 0
gu	JPY	short	code	1.2	JPY 1.2
gu	JPY	short	code	0.00831765	JPY 0.0083
gu	JPY	short	code	1234565.0	JPY 12 લાખ
gu	JPY	short	code	-1230.05	-JPY 1.2 હજાર
gu	RUB	short	code	0.0	RUB 0
gu	RUB	short	code	1.2	RUB 1.2
gu	RUB	short	code	0.00831765	RUB 0.0083
gu	RUB	short	code	1234565.0	RUB 12 લાખ
gu	RUB	short	code	-1230.05	-RUB 1.2 હજાર
gu	EGP	short	code	0.0	EGP 0
gu	EGP	short	code	1.2	EGP 1.2
gu	EGP	short	code	0.00831765	EGP 0.0083
gu	EGP	short	code	1234565.0	EGP 12 લાખ
gu	EGP	short	code	-1230.05	-EGP 1.2 હજાર
gu		short	code	0.0	0
gu		short	code	1.2	1.2
gu		short	code	0.00831765	0.0083
gu		short	code	1234565.0	12 લાખ
gu		short	code	-1230.05	-1.2 હજાર
ha	USD	short	code	0.0	USD 0
ha	USD	short	code	1.2	USD 1.2
ha	USD	short	code	0.00831765	USD 0.0083
ha	USD	short	code	1234565.0	USD 1.2M
ha	USD	short	code	-1230.05	-USD 1.2K
ha	EUR	short	code	0.0	EUR 0
ha	EUR	short	code	1.2	EUR 1.2
ha	EUR	short	code	0.00831765	EUR 0.0083
ha	EUR	short	code	1234565.0	EUR 1.2M
ha	EUR	short	code	-1230.05	-EUR 1.2K
ha	JPY	short	code	0.0	JPY 0
ha	JPY	short	code	1.2	JPY 1.2
ha	JPY	short	code	0.00831765	JPY 0.0083
ha	JPY	short	code	1234565.0	JPY 1.2M
ha	JPY	short	code	-1230.05	-JPY 1.2K
ha	RUB	short	code	0.0	RUB 0
ha	RUB	short	code	1.2	RUB 1.2
ha	RUB	short	code	0.00831765	RUB 0.0083
ha	RUB	short	code	1234565.0	RUB 1.2M
ha	RUB	short	code	-1230.05	-RUB 1.2K
ha	EGP	short	code	0.0	EGP 0
ha	EGP	short	code	1.2	EGP 1.2
ha	EGP	short	code	0.00831765	EGP 0.0083
ha	EGP	short	code	1234565.0	EGP 1.2M
ha	EGP	short	code	-1230.05	-EGP 1.2K
ha		short	code	0.0	0
ha		short	code	1.2	1.2
ha		short	code	0.00831765	0.0083
ha		short	code	1234565.0	1.2M
ha		short	code	-1230.05	-1.2K
he	USD	short	code	0.0	‏0 ‏USD
he	USD	short	code	1.2	‏1.2 ‏USD
he	USD	short	code	0.00831765	‏0.0083 ‏USD
he	USD	short	code	1234565.0	‏1.2M‏ ‏USD
he	USD	short	code	-1230.05	‎-‏1.2K‏ ‏USD
he	EUR	short	code	0.0	‏0 ‏EUR
he	EUR	short	code	1.2	‏1.2 ‏EUR
he	EUR	short	code	0.00831765	‏0.0083 ‏EUR
he	EUR	short	code	1234565.0	‏1.2M‏ ‏EUR
he	EUR	short	code	-1230.05	‎-‏1.2K‏ ‏EUR
he	JPY	short	code	0.0	‏0 ‏JPY
he	JPY	short	code	1.2	‏1.2 ‏JPY
he	JPY	short	code	0.00831765	‏0.0083 ‏JPY
he	JPY	short	code	1234565.0	‏1.2M‏ ‏JPY
he	JPY	short	code	-1230.05	‎-‏1.2K‏ ‏JPY
he	RUB	short	code	0.0	‏0 ‏RUB
he	RUB	short	code	1.2	‏1.2 ‏RUB
he	RUB	short	code	0.00831765	‏0.0083 ‏RUB
he	RUB	short	code	1234565.0	‏1.2M‏ ‏RUB
he	RUB	short	code	-1230.05	‎-‏1.2K‏ ‏RUB
he	EGP	short	code	0.0	‏0 ‏EGP
he	EGP	short	code	1.2	‏1.2 ‏EGP
he	EGP	short	code	0.00831765	‏0.0083 ‏EGP
he	EGP	short	code	1234565.0	‏1.2M‏ ‏EGP
he	EGP	short	code	-1230.05	‎-‏1.2K‏ ‏EGP
he		short	code	0.0	0
he		short	code	1.2	1.2
he		short	code	0.00831765	0.0083
he		short	code	1234565.0	1.2M‏
he		short	code	-1230.05	‎-1.2K‏
hi	USD	short	code	0.0	USD 0
hi	USD	short	code	1.2	USD 1.2
hi	USD	short	code	0.00831765	USD 0.0083
hi	USD	short	code	1234565.0	USD 12 लाख
hi	USD	short	code	-1230.05	-USD 1.2 हज़ार
hi	EUR	short	code	0.0	EUR 0
hi	EUR	short	code	1.2	EUR 1.2
hi	EUR	short	code	0.00831765	EUR 0.0083
hi	EUR	short	code	1234565.0	EUR 12 लाख
hi	EUR	short	code	-1230.05	-EUR 1.2 हज़ार
hi	JPY	short	code	0.0	JPY 0
hi	JPY	short	code	1.2	JPY 1.2
hi	JPY	short	code	0.00831765	JPY 0.0083
hi	JPY	short	code	1234565.0	JPY 12 लाख
hi	JPY	short	code	-1230.05	-JPY 1.2 हज़ार
hi	RUB	short	code	0.0	RUB 0
hi	RUB	short	code	1.2	RUB 1.2
hi	RUB	short	code	0.00831765	RUB 0.0083
hi	RUB	short	code	1234565.0	RUB 12 लाख
hi	RUB	short	code	-1230.05	-RUB 1.2 हज़ार
hi	EGP	short	code	0.0	EGP 0
hi	EGP	short	code	1.2	EGP 1.2
hi	EGP	short	code	0.00831765	EGP 0.0083
hi	EGP	short	code	1234565.0	EGP 12 लाख
hi	EGP	short	code	-1230.05	-EGP 1.2 हज़ार
hi		short	code	0.0	0
hi		short	code	1.2	1.2
hi		short	code	0.00831765	0.0083
hi		short	code	1234565.0	12 लाख
hi		short	code	-1230.05	-1.2 हज़ार
hi_Latn	USD	short	code	0.0	USD 0
hi_Latn	USD	short	code	1.2	USD 1.2
hi_Latn	USD	short	code	0.00831765	USD 0.0083
hi_Latn	USD	short	code	1234565.0	USD 12L
hi_Latn	USD	short	code	-1230.05	-USD 1.2K
hi_Latn	EUR	short	code	0.0	EUR 0
hi_Latn	EUR	short	code	1.2	EUR 1.2
hi_Latn	EUR	short	code	0.00831765	EUR 0.0083
hi_Latn	EUR	short	code	1234565.0	EUR 12L
hi_Latn	EUR	short	code	-1230.05	-EUR 1.2K
hi_Latn	JPY	short	code	0.0	JPY 0
hi_Latn	JPY	short	code	1.2	JPY 1.2
hi_Latn	JPY	short	code	0.00831765	JPY 0.0083
hi_Latn	JPY	short	code	1234565.0	JPY 12L
hi_Latn	JPY	short	code	-1230.05	-JPY 1.2K
hi_Latn	RUB	short	code	0.0	RUB 0
hi_Latn	RUB	short	code	1.2	RUB 1.2
hi_Latn	RUB	short	code	0.00831765	RUB 0.0083
hi_Latn	RUB	short	code	1234565.0	RUB 12L
hi_Latn	RUB	short	code	-1230.05	-RUB 1.2K
hi_Latn	EGP	short	code	0.0	EGP 0
hi_Latn	EGP	short	code	1.2	EGP 1.2
hi_Latn	EGP	short	code	0.00831765	EGP 0.0083
hi_Latn	EGP	short	code	1234565.0	EGP 12L
hi_Latn	EGP	short	code	-1230.05	-EGP 1.2K
hi_Latn		short	code	0.0	0
hi_Latn		short	code	1.2	1.2
hi_Latn		short	code	0.00831765	0.0083
hi_Latn		short	code	1234565.0	12L
hi_Latn		short	code	-1230.05	-1.2K
hr	USD	short	code	0.0	0 USD
hr	USD	short	code	1.2	1,2 USD
hr	USD	short	code	0.00831765	0,0083 USD
hr	USD	short	code	1234565.0	1,2 mil. USD
hr	USD	short	code	-1230.05	−1,2 tis. USD
hr	EUR	short	code	0.0	0 EUR
hr	EUR	short	code	1.2	1,2 EUR
hr	EUR	short	code	0.00831765	0,0083 EUR
hr	EUR	short	code	1234565.0	1,2 mil. EUR
hr	EUR	short	code	-1230.05	−1,2 tis. EUR
hr	JPY	short	code	0.0	0 JPY
hr	JPY	short	code	1.2	1,2 JPY
hr	JPY	short	code	0.00831765	0,0083 JPY
hr	JPY	short	code	1234565.0	1,2 mil. JPY
hr	JPY	short	code	-1230.05	−1,2 tis. JPY
hr	RUB	short	code	0.0	0 RUB
hr	RUB	short	code	1.2	1,2 RUB
hr	RUB	short	code	0.00831765	0,0083 RUB
hr	RUB	short	code	1234565.0	1,2 mil. RUB
hr	RUB	short	code	-1230.05	−1,2 tis. RUB
hr	EGP	short	code	0.0	0 EGP
hr	EGP	short	code	1.2	1,2 EGP
hr	EGP	short	code	0.00831765	0,0083 EGP
hr	EGP	short	code	1234565.0	1,2 mil. EGP
hr	EGP	short	code	-1230.05	−1,2 tis. EGP
hr		short	code	0.0	0
hr		short	code	1.2	1,2
hr		short	code	0.00831765	0,0083
hr		short	code	1234565.0	1,2 mil.
hr		short	code	-1230.05	−1,2 tis.
hu	USD	short	code	0.0	0 USD
hu	USD	short	code	1.2	1,2 USD
hu	USD	short	code	0.00831765	0,0083 USD
hu	USD	short	code	1234565.0	1,2 M USD
hu	USD	short	code	-1230.05	-1,2 E USD
hu	EUR	short	code	0.0	0 EUR
hu	EUR	short	code	1.2	1,2 EUR
hu	EUR	short	code	0.00831765	0,0083 EUR
hu	EUR	short	code	1234565.0	1,2 M EUR
hu	EUR	short	code	-1230.05	-1,2 E EUR
hu	JPY	short	code	0.0	0 JPY
hu	JPY	short	code	1.2	1,2 JPY
hu	JPY	short	code	0.00831765	0,0083 JPY
hu	JPY	short	code	1234565.0	1,2 M JPY
hu	JPY	short	code	-1230.05	-1,2 E JPY
hu	RUB	short	code	0.0	0 RUB
hu	RUB	short	code	1.2	1,2 RUB
hu	RUB	short	code	0.00831765	0,0083 RUB
hu	RUB	short	code	1234565.0	1,2 M RUB
hu	RUB	short	code	-1230.05	-1,2 E RUB
hu	EGP	short	code	0.0	0 EGP
hu	EGP	short	code	1.2	1,2 EGP
hu	EGP	short	code	0.00831765	0,0083 EGP
hu	EGP	short	code	1234565.0	1,2 M EGP
hu	EGP	short	code	-1230.05	-1,2 E EGP
hu		short	code	0.0	0
hu		short	code	1.2	1,2
hu		short	code	0.00831765	0,0083
hu		short	code	1234565.0	1,2 M
hu		short	code	-1230.05	-1,2 E
hy	USD	short	code	0.0	0 USD
hy	USD	short	code	1.2	1,2 USD
hy	USD	short	code	0.00831765	0,0083 USD
hy	USD	short	code	1234565.0	1,2 մլն USD
hy	USD	short	code	-1230.05	-1,2 հզր USD
hy	EUR	short	code	0.0	0 EUR
hy	EUR	short	code	1.2	1,2 EUR
hy	EUR	short	code	0.00831765	0,0083 EUR
hy	EUR	short	code	1234565.0	1,2 մլն EUR
hy	EUR	short	code	-1230.05	-1,2 հզր EUR
hy	JPY	short	code	0.0	0 JPY
hy	JPY	short	code	1.2	1,2 JPY
hy	JPY	short	code	0.00831765	0,0083 JPY
hy	JPY	short	code	1234565.0	1,2 մլն JPY
hy	JPY	short	code	-1230.05	-1,2 հզր JPY
hy	RUB	short	code	0.0	0 RUB
hy	RUB	short	code	1.2	1,2 RUB
hy	RUB	short	code	0.00831765	0,0083 RUB
hy	RUB	short	code	1234565.0	1,2 մլն RUB
hy	RUB	short	code	-1230.05	-1,2 հզր RUB
hy	EGP	short	code	0.0	0 EGP
hy	EGP	short	code	1.2	1,2 EGP
hy	EGP	short	code	0.00831765	0,0083 EGP
hy	EGP	short	code	1234565.0	1,2 մլն EGP
hy	EGP	short	code	-1230.05	-1,2 հզր EGP
hy		short	code	0.0	0
hy		short	code	1.2	1,2
hy		short	code	0.00831765	0,0083
hy		short	code	1234565.0	1,2 մլն
hy		short	code	-1230.05	-1,2 հզր
id	USD	short	code	0.0	USD 0
id	USD	short	code	1.2	USD 1,2
id	USD	short	code	0.00831765	USD 0,0083
id	USD	short	code	1234565.0	USD 1,2 jt
id	USD	short	code	-1230.05	-USD 1,2 rb
id	EUR	short	code	0.0	EUR 0
id	EUR	short	code	1.2	EUR 1,2
id	EUR	short	code	0.00831765	EUR 0,0083
id	EUR	short	code	1234565.0	EUR 1,2 jt
id	EUR	short	code	-1230.05	-EUR 1,2 rb
id	JPY	short	code	0.0	JPY 0
id	JPY	short	code	1.2	JPY 1,2
id	JPY	short	code	0.00831765	JPY 0,0083
id	JPY	short	code	1234565.0	JPY 1,2 jt
id	JPY	short	code	-1230.05	-JPY 1,2 rb
id	RUB	short	code	0.0	RUB 0
id	RUB	short	code	1.2	RUB 1,2
id	RUB	short	code	0.00831765	RUB 0,0083
id	RUB	short	code	1234565.0	RUB 1,2 jt
id	RUB	short	code	-1230.05	-RUB 1,2 rb
id	EGP	short	code	0.0	EGP 0
id	EGP	short	code	1.2	EGP 1,2
id	EGP	short	code	0.00831765	EGP 0,0083
id	EGP	short	code	1234565.0	EGP 1,2 jt
id	EGP	short	code	-1230.05	-EGP 1,2 rb
id		short	code	0.0	0
id		short	code	1.2	1,2
id		short	code	0.00831765	0,0083
id		short	code	1234565.0	1,2 jt
id		short	code	-1230.05	-1,2 rb
ig	USD	short	code	0.0	USD 0
ig	USD	short	code	1.2	USD 1.2
ig	USD	short	code	0.00831765	USD 0.0083
ig	USD	short	code	1234565.0	USD 1.2M
ig	USD	short	code	-1230.05	-USD 1.2K
ig	EUR	short	code	0.0	EUR 0
ig	EUR	short	code	1.2	EUR 1.2
ig	EUR	short	code	0.00831765	EUR 0.0083
ig	EUR	short	code	1234565.0	EUR 1.2M
ig	EUR	short	code	-1230.05	-EUR 1.2K
ig	JPY	short	code	0.0	JPY 0
ig	JPY	short	code	1.2	JPY 1.2
ig	JPY	short	code	0.00831765	JPY 0.0083
ig	JPY	short	code	1234565.0	JPY 1.2M
ig	JPY	short	code	-1230.05	-JPY 1.2K
ig	RUB	short	code	0.0	RUB 0
ig	RUB	short	code	1.2	RUB 1.2
ig	RUB	short	code	0.00831765	RUB 0.0083
ig	RUB	short	code	1234565.0	RUB 1.2M
ig	RUB	short	code	-1230.05	-RUB 1.2K
ig	EGP	short	code	0.0	EGP 0
ig	EGP	short	code	1.2	EGP 1.2
ig	EGP	short	code	0.00831765	EGP 0.0083
ig	EGP	short	code	1234565.0	EGP 1.2M
ig	EGP	short	code	-1230.05	-EGP 1.2K
ig		short	code	0.0	0
ig		short	code	1.2	1.2
ig		short	code	0.00831765	0.0083
ig		short	code	1234565.0	1.2M
ig		short	code	-1230.05	-1.2K
is	USD	short	code	0.0	0 USD
is	USD	short	code	1.2	1,2 USD
is	USD	short	code	0.00831765	0,0083 USD
is	USD	short	code	1234565.0	1,2 m. USD
is	USD	short	code	-1230.05	-1,2 þ. USD
is	EUR	short	code	0.0	0 EUR
is	EUR	short	code	1.2	1,2 EUR
is	EUR	short	code	0.00831765	0,0083 EUR
is	EUR	short	code	1234565.0	1,2 m. EUR
is	EUR	short	code	-1230.05	-1,2 þ. EUR
is	JPY	short	code	0.0	0 JPY
is	JPY	short	code	1.2	1,2 JPY
is	JPY	short	code	0.00831765	0,0083 JPY
is	JPY	short	code	1234565.0	1,2 m. JPY
is	JPY	short	code	-1230.05	-1,2 þ. JPY
is	RUB	short	code	0.0	0 RUB
is	RUB	short	code	1.2	1,2 RUB
is	RUB	short	code	0.00831765	0,0083 RUB
is	RUB	short	code	1234565.0	1,2 m. RUB
is	RUB	short	code	-1230.05	-1,2 þ. RUB
is	EGP	short	code	0.0	0 EGP
is	EGP	short	code	1.2	1,2 EGP
is	EGP	short	code	0.00831765	0,0083 EGP
is	EGP	short	code	1234565.0	1,2 m. EGP
is	EGP	short	code	-1230.05	-1,2 þ. EGP
is		short	code	0.0	0
is		short	code	1.2	1,2
is		short	code	0.00831765	0,0083
is		short	code	1234565.0	1,2 m.
is		short	code	-1230.05	-1,2 þ.
it	USD	short	code	0.0	0 USD
it	USD	short	code	1.2	1,2 USD
it	USD	short	code	0.00831765	0,0083 USD
it	USD	short	code	1234565.0	1,2 Mln USD
it	USD	short	code	-1230.05	-1,2K USD
it	EUR	short	code	0.0	0 EUR
it	EUR	short	code	1.2	1,2 EUR
it	EUR	short	code	0.00831765	0,0083 EUR
it	EUR	short	code	1234565.0	1,2 Mln EUR
it	EUR	short	code	-1230.05	-1,2K EUR
it	JPY	short	code	0.0	0 JPY
it	JPY	short	code	1.2	1,2 JPY
it	JPY	short	code	0.00831765	0,0083 JPY
it	JPY	short	code	1234565.0	1,2 Mln JPY
it	JPY	short	code	-1230.05	-1,2K JPY
it	RUB	short	code	0.0	0 RUB
it	RUB	short	code	1.2	1,2 RUB
it	RUB	short	code	0.00831765	0,0083 RUB
it	RUB	short	code	1234565.0	1,2 Mln RUB
it	RUB	short	code	-1230.05	-1,2K RUB
it	EGP	short	code	0.0	0 EGP
it	EGP	short	code	1.2	1,2 EGP
it	EGP	short	code	0.00831765	0,0083 EGP
it	EGP	short	code	1234565.0	1,2 Mln EGP
it	EGP	short	code	-1230.05	-1,2K EGP
it		short	code	0.0	0
it		short	code	1.2	1,2
it		short	code	0.00831765	0,0083
it		short	code	1234565.0	1,2 Mln
it		short	code	-1230.05	-1,2K
jv	USD	short	code	0.0	USD 0
jv	USD	short	code	1.2	USD 1,2
jv	USD	short	code	0.00831765	USD 0,0083
jv	USD	short	code	1234565.0	USD 1,2Y
jv	USD	short	code	-1230.05	-USD 1,2È
jv	EUR	short	code	0.0	EUR 0
jv	EUR	short	code	1.2	EUR 1,2
jv	EUR	short	code	0.00831765	EUR 0,0083
jv	EUR	short	code	1234565.0	EUR 1,2Y
jv	EUR	short	code	-1230.05	-EUR 1,2È
jv	JPY	short	code	0.0	JPY 0
jv	JPY	short	code	1.2	JPY 1,2
jv	JPY	short	code	0.00831765	JPY 0,0083
jv	JPY	short	code	1234565.0	JPY 1,2Y
jv	JPY	short	code	-1230.05	-JPY 1,2È
jv	RUB	short	code	0.0	RUB 0
jv	RUB	short	code	1.2	RUB 1,2
jv	RUB	short	code	0.00831765	RUB 0,0083
jv	RUB	short	code	1234565.0	RUB 1,2Y
jv	RUB	short	code	-1230.05	-RUB 1,2È
jv	EGP	short	code	0.0	EGP 0
jv	EGP	short	code	1.2	EGP 1,2
jv	EGP	short	code	0.00831765	EGP 0,0083
jv	EGP	short	code	1234565.0	EGP 1,2Y
jv	EGP	short	code	-1230.05	-EGP 1,2È
jv		short	code	0.0	0
jv		short	code	1.2	1,2
jv		short	code	0.00831765	0,0083
jv		short	code	1234565.0	1,2Y
jv		short	code	-1230.05	-1,2È
ka	USD	short	code	0.0	0 USD
ka	USD	short	code	1.2	1,2 USD
ka	USD	short	code	0.00831765	0,0083 USD
ka	USD	short	code	1234565.0	1,2 მლნ. USD
ka	USD	short	code	-1230.05	-1,2 ათ. USD
ka	EUR	short	code	0.0	0 EUR
ka	EUR	short	code	1.2	1,2 EUR
ka	EUR	short	code	0.00831765	0,0083 EUR
ka	EUR	short	code	1234565.0	1,2 მლნ. EUR
ka	EUR	short	code	-1230.05	-1,2 ათ. EUR
ka	JPY	short	code	0.0	0 JPY
ka	JPY	short	code	1.2	1,2 JPY
ka	JPY	short	code	0.00831765	0,0083 JPY
ka	JPY	short	code	1234565.0	1,2 მლნ. JPY
ka	JPY	short	code	-1230.05	-1,2 ათ. JPY
ka	RUB	short	code	0.0	0 RUB
ka	RUB	short	code	1.2	1,2 RUB
ka	RUB	short	code	0.00831765	0,0083 RUB
ka	RUB	short	code	1234565.0	1,2 მლნ. RUB
ka	RUB	short	code	-1230.05	-1,2 ათ. RUB
ka	EGP	short	code	0.0	0 EGP
ka	EGP	short	code	1.2	1,2 EGP
ka	EGP	short	code	0.00831765	0,0083 EGP
ka	EGP	short	code	1234565.0	1,2 მლნ. EGP
ka	EGP	short	code	-1230.05	-1,2 ათ. EGP
ka		short	code	0.0	0
ka		short	code	1.2	1,2
ka		short	code	0.00831765	0,0083
ka		short	code	1234565.0	1,2 მლნ.
ka		short	code	-1230.05	-1,2 ათ.
kk	USD	short	code	0.0	0 USD
kk	USD	short	code	1.2	1,2 USD
kk	USD	short	code	0.00831765	0,0083 USD
kk	USD	short	code	1234565.0	1,2 млн USD
kk	USD	short	code	-1230.05	-1,2 мың USD
kk	EUR	short	code	0.0	0 EUR
kk	EUR	short	code	1.2	1,2 EUR
kk	EUR	short	code	0.00831765	0,0083 EUR
kk	EUR	short	code	1234565.0	1,2 млн EUR
kk	EUR	short	code	-1230.05	-1,2 мың EUR
kk	JPY	short	code	0.0	0 JPY
kk	JPY	short	code	1.2	1,2 JPY
kk	JPY	short	code	0.00831765	0,0083 JPY
kk	JPY	short	code	1234565.0	1,2 млн JPY
kk	JPY	short	code	-1230.05	-1,2 мың JPY
kk	RUB	short	code	0.0	0 RUB
kk	RUB	short	code	1.2	1,2 RUB
kk	RUB	short	code	0.00831765	0,0083 RUB
kk	RUB	short	code	1234565.0	1,2 млн RUB
kk	RUB	short	code	-1230.05	-1,2 мың RUB
kk	EGP	short	code	0.0	0 EGP
kk	EGP	short	code	1.2	1,2 EGP
kk	EGP	short	code	0.00831765	0,0083 EGP
kk	EGP	short	code	1234565.0	1,2 млн EGP
kk	EGP	short	code	-1230.05	-1,2 мың EGP
kk		short	code	0.0	0
kk		short	code	1.2	1,2
kk		short	code	0.00831765	0,0083
kk		short	code	1234565.0	1,2 млн
kk		short	code	-1230.05	-1,2 мың
km	USD	short	code	0.0	0 USD
km	USD	short	code	1.2	1.2 USD
km	USD	short	code	0.00831765	0.0083 USD
km	USD	short	code	1234565.0	1.2 លានUSD
km	USD	short	code	-1230.05	-1.2ពាន់USD
km	EUR	short	code	0.0	0 EUR
km	EUR	short	code	1.2	1.2 EUR
km	EUR	short	code	0.00831765	0.0083 EUR
km	EUR	short	code	1234565.0	1.2 លានEUR
km	EUR	short	code	-1230.05	-1.2ពាន់EUR
km	JPY	short	code	0.0	0 JPY
km	JPY	short	code	1.2	1.2 JPY
km	JPY	short	code	0.00831765	0.0083 JPY
km	JPY	short	code	1234565.0	1.2 លានJPY
km	JPY	short	code	-1230.05	-1.2ពាន់JPY
km	RUB	short	code	0.0	0 RUB
km	RUB	short	code	1.2	1.2 RUB
km	RUB	short	code	0.00831765	0.0083 RUB
km	RUB	short	code	1234565.0	1.2 លានRUB
km	RUB	short	code	-1230.05	-1.2ពាន់RUB
km	EGP	short	code	0.0	0 EGP
km	EGP	short	code	1.2	1.2 EGP
km	EGP	short	code	0.00831765	0.0083 EGP
km	EGP	short	code	1234565.0	1.2 លានEGP
km	EGP	short	code	-1230.05	-1.2ពាន់EGP
km		short	code	0.0	0
km		short	code	1.2	1.2
km		short	code	0.00831765	0.0083
km		short	code	1234565.0	1.2 លាន
km		short	code	-1230.05	-1.2ពាន់
kn	USD	short	code	0.0	USD 0
kn	USD	short	code	1.2	USD 1.2
kn	USD	short	code	0.00831765	USD 0.0083
kn	USD	short	code	1234565.0	USD 1.2ಮಿ
kn	USD	short	code	-1230.05	-USD 1.2ಸಾ
kn	EUR	short	code	0.0	EUR 0
kn	EUR	short	code	1.2	EUR 1.2
kn	EUR	short	code	0.00831765	EUR 0.0083
kn	EUR	short	code	1234565.0	EUR 1.2ಮಿ
kn	EUR	short	code	-1230.05	-EUR 1.2ಸಾ
kn	JPY	short	code	0.0	JPY 0
kn	JPY	short	code	1.2	JPY 1.2
kn	JPY	short	code	0.00831765	JPY 0.0083
kn	JPY	short	code	1234565.0	JPY 1.2ಮಿ
kn	JPY	short	code	-1230.05	-JPY 1.2ಸಾ
kn	RUB	short	code	0.0	RUB 0
kn	RUB	short	code	1.2	RUB 1.2
kn	RUB	short	code	0.00831765	RUB 0.0083
kn	RUB	short	code	1234565.0	RUB 1.2ಮಿ
kn	RUB	short	code	-1230.05	-RUB 1.2ಸಾ
kn	EGP	short	code	0.0	EGP 0
kn	EGP	short	code	1.2	EGP 1.2
kn	EGP	short	code	0.00831765	EGP 0.0083
kn	EGP	short	code	1234565.0	EGP 1.2ಮಿ
kn	EGP	short	code	-1230.05	-EGP 1.2ಸಾ
kn		short	code	0.0	0
kn		short	code	1.2	1.2
kn		short	code	0.00831765	0.0083
kn		short	code	1234565.0	1.2ಮಿ
kn		short	code	-1230.05	-1.2ಸಾ
ko	USD	short	code	0.0	USD 0
ko	USD	short	code	1.2	USD 1.2
ko	USD	short	code	0.00831765	USD 0.0083
ko	USD	short	code	1234565.0	USD 123만
ko	USD	short	code	-1230.05	-USD 1.2천
ko	EUR	short	code	0.0	EUR 0
ko	EUR	short	code	1.2	EUR 1.2
ko	EUR	short	code	0.00831765	EUR 0.0083
ko	EUR	short	code	1234565.0	EUR 123만
ko	EUR	short	code	-1230.05	-EUR 1.2천
ko	JPY	short	code	0.0	JPY 0
ko	JPY	short	code	1.2	JPY 1.2
ko	JPY	short	code	0.00831765	JPY 0.0083
ko	JPY	short	code	1234565.0	JPY 123만
ko	JPY	short	code	-1230.05	-JPY 1.2천
ko	RUB	short	code	0.0	RUB 0
ko	RUB	short	code	1.2	RUB 1.2
ko	RUB	short	code	0.00831765	RUB 0.0083
ko	RUB	short	code	1234565.0	RUB 123만
ko	RUB	short	code	-1230.05	-RUB 1.2천
ko	EGP	short	code	0.0	EGP 0
ko	EGP	short	code	1.2	EGP 1.2
ko	EGP	short	code	0.00831765	EGP 0.0083
ko	EGP	short	code	1234565.0	EGP 123만
ko	EGP	short	code	-1230.05	-EGP 1.2천
ko		short	code	0.0	0
ko		short	code	1.2	1.2
ko		short	code	0.00831765	0.0083
ko		short	code	1234565.0	123만
ko		short	code	-1230.05	-1.2천
kok	USD	short	code	0.0	USD 0
kok	USD	short	code	1.2	USD 1.2
kok	USD	short	code	0.00831765	USD 0.0083
kok	USD	short	code	1234565.0	USD 12लाख
kok	USD	short	code	-1230.05	-USD 1.2हज
kok	EUR	short	code	0.0	EUR 0
kok	EUR	short	code	1.2	EUR 1.2
kok	EUR	short	code	0.00831765	EUR 0.0083
kok	EUR	short	code	1234565.0	EUR 12लाख
kok	EUR	short	code	-1230.05	-EUR 1.2हज
kok	JPY	short	code	0.0	JPY 0
kok	JPY	short	code	1.2	JPY 1.2
kok	JPY	short	code	0.00831765	JPY 0.0083
kok	JPY	short	code	1234565.0	JPY 12लाख
kok	JPY	short	code	-1230.05	-JPY 1.2हज
kok	RUB	short	code	0.0	RUB 0
kok	RUB	short	code	1.2	RUB 1.2
kok	RUB	short	code	0.00831765	RUB 0.0083
kok	RUB	short	code	1234565.0	RUB 12लाख
kok	RUB	short	code	-1230.05	-RUB 1.2हज
kok	EGP	short	code	0.0	EGP 0
kok	EGP	short	code	1.2	EGP 1.2
kok	EGP	short	code	0.00831765	EGP 0.0083
kok	EGP	short	code	1234565.0	EGP 12लाख
kok	EGP	short	code	-1230.05	-EGP 1.2हज
kok		short	code	0.0	0
kok		short	code	1.2	1.2
kok		short	code	0.00831765	0.0083
kok		short	code	1234565.0	12लाख
kok		short	code	-1230.05	-1.2हज
ky	USD	short	code	0.0	0 USD
ky	USD	short	code	1.2	1,2 USD
ky	USD	short	code	0.00831765	0,0083 USD
ky	USD	short	code	1234565.0	1,2 млн USD
ky	USD	short	code	-1230.05	-1,2 миң USD
ky	EUR	short	code	0.0	0 EUR
ky	EUR	short	code	1.2	1,2 EUR
ky	EUR	short	code	0.00831765	0,0083 EUR
ky	EUR	short	code	1234565.0	1,2 млн EUR
ky	EUR	short	code	-1230.05	-1,2 миң EUR
ky	JPY	short	code	0.0	0 JPY
ky	JPY	short	code	1.2	1,2 JPY
ky	JPY	short	code	0.00831765	0,0083 JPY
ky	JPY	short	code	1234565.0	1,2 млн JPY
ky	JPY	short	code	-1230.05	-1,2 миң JPY
ky	RUB	short	code	0.0	0 RUB
ky	RUB	short	code	1.2	1,2 RUB
ky	RUB	short	code	0.00831765	0,0083 RUB
ky	RUB	short	code	1234565.0	1,2 млн RUB
ky	RUB	short	code	-1230.05	-1,2 миң RUB
ky	EGP	short	code	0.0	0 EGP
ky	EGP	short	code	1.2	1,2 EGP
ky	EGP	short	code	0.00831765	0,0083 EGP
ky	EGP	short	code	1234565.0	1,2 млн EGP
ky	EGP	short	code	-1230.05	-1,2 миң EGP
ky		short	code	0.0	0
ky		short	code	1.2	1,2
ky		short	code	0.00831765	0,0083
ky		short	code	1234565.0	1,2 млн
ky		short	code	-1230.05	-1,2 миң
lo	USD	short	code	0.0	USD 0
lo	USD	short	code	1.2	USD 1,2
lo	USD	short	code	0.00831765	USD 0,0083
lo	USD	short	code	1234565.0	USD 1,2 ລ້ານ
lo	USD	short	code	-1230.05	-USD 1,2 ພັນ
lo	EUR	short	code	0.0	EUR 0
lo	EUR	short	code	1.2	EUR 1,2
lo	EUR	short	code	0.00831765	EUR 0,0083
lo	EUR	short	code	1234565.0	EUR 1,2 ລ້ານ
lo	EUR	short	code	-1230.05	-EUR 1,2 ພັນ
lo	JPY	short	code	0.0	JPY 0
lo	JPY	short	code	1.2	JPY 1,2
lo	JPY	short	code	0.00831765	JPY 0,0083
lo	JPY	short	code	1234565.0	JPY 1,2 ລ້ານ
lo	JPY	short	code	-1230.05	-JPY 1,2 ພັນ
lo	RUB	short	code	0.0	RUB 0
lo	RUB	short	code	1.2	RUB 1,2
lo	RUB	short	code	0.00831765	RUB 0,0083
lo	RUB	short	code	1234565.0	RUB 1,2 ລ້ານ
lo	RUB	short	code	-1230.05	-RUB 1,2 ພັນ
lo	EGP	short	code	0.0	EGP 0
lo	EGP	short	code	1.2	EGP 1,2
lo	EGP	short	code	0.00831765	EGP 0,0083
lo	EGP	short	code	1234565.0	EGP 1,2 ລ້ານ
lo	EGP	short	code	-1230.05	-EGP 1,2 ພັນ
lo		short	code	0.0	0
lo		short	code	1.2	1,2
lo		short	code	0.00831765	0,0083
lo		short	code	1234565.0	1,2 ລ້ານ
lo		short	code	-1230.05	-1,2 ພັນ
lt	USD	short	code	0.0	0 USD
lt	USD	short	code	1.2	1,2 USD
lt	USD	short	code	0.00831765	0,0083 USD
lt	USD	short	code	1234565.0	1,2 mln. USD
lt	USD	short	code	-1230.05	−1,2 tūkst. USD
lt	EUR	short	code	0.0	0 EUR
lt	EUR	short	code	1.2	1,2 EUR
lt	EUR	short	code	0.00831765	0,0083 EUR
lt	EUR	short	code	1234565.0	1,2 mln. EUR
lt	EUR	short	code	-1230.05	−1,2 tūkst. EUR
lt	JPY	short	code	0.0	0 JPY
lt	JPY	short	code	1.2	1,2 JPY
lt	JPY	short	code	0.00831765	0,0083 JPY
lt	JPY	short	code	1234565.0	1,2 mln. JPY
lt	JPY	short	code	-1230.05	−1,2 tūkst. JPY
lt	RUB	short	code	0.0	0 RUB
lt	RUB	short	code	1.2	1,2 RUB
lt	RUB	short	code	0.00831765	0,0083 RUB
lt	RUB	short	code	1234565.0	1,2 mln. RUB
lt	RUB	short	code	-1230.05	−1,2 tūkst. RUB
lt	EGP	short	code	0.0	0 EGP
lt	EGP	short	code	1.2	1,2 EGP
lt	EGP	short	code	0.00831765	0,0083 EGP
lt	EGP	short	code	1234565.0	1,2 mln. EGP
lt	EGP	short	code	-1230.05	−1,2 tūkst. EGP
lt		short	code	0.0	0
lt		short	code	1.2	1,2
lt		short	code	0.00831765	0,0083
lt		short	code	1234565.0	1,2 mln.
lt		short	code	-1230.05	−1,2 tūkst.
lv	USD	short	code	0.0	0 USD
lv	USD	short	code	1.2	1,2 USD
lv	USD	short	code	0.00831765	0,0083 USD
lv	USD	short	code	1234565.0	1,2 milj. USD
lv	USD	short	code	-1230.05	-1,2 tūkst. USD
lv	EUR	short	code	0.0	0 EUR
lv	EUR	short	code	1.2	1,2 EUR
lv	EUR	short	code	0.00831765	0,0083 EUR
lv	EUR	short	code	1234565.0	1,2 milj. EUR
lv	EUR	short	code	-1230.05	-1,2 tūkst. EUR
lv	JPY	short	code	0.0	0 JPY
lv	JPY	short	code	1.2	1,2 JPY
lv	JPY	short	code	0.00831765	0,0083 JPY
lv	JPY	short	code	1234565.0	1,2 milj. JPY
lv	JPY	short	code	-1230.05	-1,2 tūkst. JPY
lv	RUB	short	code	0.0	0 RUB
lv	RUB	short	code	1.2	1,2 RUB
lv	RUB	short	code	0.00831765	0,0083 RUB
lv	RUB	short	code	1234565.0	1,2 milj. RUB
lv	RUB	short	code	-1230.05	-1,2 tūkst. RUB
lv	EGP	short	code	0.0	0 EGP
lv	EGP	short	code	1.2	1,2 EGP
lv	EGP	short	code	0.00831765	0,0083 EGP
lv	EGP	short	code	1234565.0	1,2 milj. EGP
lv	EGP	short	code	-1230.05	-1,2 tūkst. EGP
lv		short	code	0.0	0
lv		short	code	1.2	1,2
lv		short	code	0.00831765	0,0083
lv		short	code	1234565.0	1,2 milj.
lv		short	code	-1230.05	-1,2 tūkst.
mk	USD	short	code	0.0	0 USD
mk	USD	short	code	1.2	1,2 USD
mk	USD	short	code	0.00831765	0,0083 USD
mk	USD	short	code	1234565.0	1,2 мил. USD
mk	USD	short	code	-1230.05	-1,2 илј. USD
mk	EUR	short	code	0.0	0 EUR
mk	EUR	short	code	1.2	1,2 EUR
mk	EUR	short	code	0.00831765	0,0083 EUR
mk	EUR	short	code	1234565.0	1,2 мил. EUR
mk	EUR	short	code	-1230.05	-1,2 илј. EUR
mk	JPY	short	code	0.0	0 JPY
mk	JPY	short	code	1.2	1,2 JPY
mk	JPY	short	code	0.00831765	0,0083 JPY
mk	JPY	short	code	1234565.0	1,2 мил. JPY
mk	JPY	short	code	-1230.05	-1,2 илј. JPY
mk	RUB	short	code	0.0	0 RUB
mk	RUB	short	code	1.2	1,2 RUB
mk	RUB	short	code	0.00831765	0,0083 RUB
mk	RUB	short	code	1234565.0	1,2 мил. RUB
mk	RUB	short	code	-1230.05	-1,2 илј. RUB
mk	EGP	short	code	0.0	0 EGP
mk	EGP	short	code	1.2	1,2 EGP
mk	EGP	short	code	0.00831765	0,0083 EGP
mk	EGP	short	code	1234565.0	1,2 мил. EGP
mk	EGP	short	code	-1230.05	-1,2 илј. EGP
mk		short	code	0.0	0
mk		short	code	1.2	1,2
mk		short	code	0.00831765	0,0083
mk		short	code	1234565.0	1,2 мил.
mk		short	code	-1230.05	-1,2 илј.
ml	USD	short	code	0.0	USD 0
ml	USD	short	code	1.2	USD 1.2
ml	USD	short	code	0.00831765	USD 0.0083
ml	USD	short	code	1234565.0	USD 1.2M
ml	USD	short	code	-1230.05	-USD 1.2K
ml	EUR	short	code	0.0	EUR 0
ml	EUR	short	code	1.2	EUR 1.2
ml	EUR	short	code	0.00831765	EUR 0.0083
ml	EUR	short	code	1234565.0	EUR 1.2M
ml	EUR	short	code	-1230.05	-EUR 1.2K
ml	JPY	short	code	0.0	JPY 0
ml	JPY	short	code	1.2	JPY 1.2
ml	JPY	short	code	0.00831765	JPY 0.0083
ml	JPY	short	code	1234565.0	JPY 1.2M
ml	JPY	short	code	-1230.05	-JPY 1.2K
ml	RUB	short	code	0.0	RUB 0
ml	RUB	short	code	1.2	RUB 1.2
ml	RUB	short	code	0.00831765	RUB 0.0083
ml	RUB	short	code	1234565.0	RUB 1.2M
ml	RUB	short	code	-1230.05	-RUB 1.2K
ml	EGP	short	code	0.0	EGP 0
ml	EGP	short	code	1.2	EGP 1.2
ml	EGP	short	code	0.00831765	EGP 0.0083
ml	EGP	short	code	1234565.0	EGP 1.2M
ml	EGP	short	code	-1230.05	-EGP 1.2K
ml		short	code	0.0	0
ml		short	code	1.2	1.2
ml		short	code	0.00831765	0.0083
ml		short	code	1234565.0	1.2M
ml		short	code	-1230.05	-1.2K
mn	USD	short	code	0.0	USD 0
mn	USD	short	code	1.2	USD 1.2
mn	USD	short	code	0.00831765	USD 0.0083
mn	USD	short	code	1234565.0	USD 1.2 сая
mn	USD	short	code	-1230.05	-USD 1.2 мян
mn	EUR	short	code	0.0	EUR 0
mn	EUR	short	code	1.2	EUR 1.2
mn	EUR	short	code	0.00831765	EUR 0.0083
mn	EUR	short	code	1234565.0	EUR 1.2 сая
mn	EUR	short	code	-1230.05	-EUR 1.2 мян
mn	JPY	short	code	0.0	JPY 0
mn	JPY	short	code	1.2	JPY 1.2
mn	JPY	short	code	0.00831765	JPY 0.0083
mn	JPY	short	code	1234565.0	JPY 1.2 сая
mn	JPY	short	code	-1230.05	-JPY 1.2 мян
mn	RUB	short	code	0.0	RUB 0
mn	RUB	short	code	1.2	RUB 1.2
mn	RUB	short	code	0.00831765	RUB 0.0083
mn	RUB	short	code	1234565.0	RUB 1.2 сая
mn	RUB	short	code	-1230.05	-RUB 1.2 мян
mn	EGP	short	code	0.0	EGP 0
mn	EGP	short	code	1.2	EGP 1.2
mn	EGP	short	code	0.00831765	EGP 0.0083
mn	EGP	short	code	1234565.0	EGP 1.2 сая
mn	EGP	short	code	-1230.05	-EGP 1.2 мян
mn		short	code	0.0	0
mn		short	code	1.2	1.2
mn		short	code	0.00831765	0.0083
mn		short	code	1234565.0	1.2 сая
mn		short	code	-1230.05	-1.2 мян
mr	USD	short	code	0.0	USD ०
mr	USD	short	code	1.2	USD १.२
mr	USD	short	code	0.00831765	USD ०.००८३
mr	USD	short	code	1234565.0	USD १२ लाख
mr	USD	short	code	-1230.05	-USD १.२ ह
mr	EUR	short	code	0.0	EUR ०
mr	EUR	short	code	1.2	EUR १.२
mr	EUR	short	code	0.00831765	EUR ०.००८३
mr	EUR	short	code	1234565.0	EUR १२ लाख
mr	EUR	short	code	-1230.05	-EUR १.२ ह
mr	JPY	short	code	0.0	JPY ०
mr	JPY	short	code	1.2	JPY १.२
mr	JPY	short	code	0.00831765	JPY ०.००८३
mr	JPY	short	code	1234565.0	JPY १२ लाख
mr	JPY	short	code	-1230.05	-JPY १.२ ह
mr	RUB	short	code	0.0	RUB ०
mr	RUB	short	code	1.2	RUB १.२
mr	RUB	short	code	0.00831765	RUB ०.००८३
mr	RUB	short	code	1234565.0	RUB १२ लाख
mr	RUB	short	code	-1230.05	-RUB १.२ ह
mr	EGP	short	code	0.0	EGP ०
mr	EGP	short	code	1.2	EGP १.२
mr	EGP	short	code	0.00831765	EGP ०.००८३
mr	EGP	short	code	1234565.0	EGP १२ लाख
mr	EGP	short	code	-1230.05	-EGP १.२ ह
mr		short	code	0.0	०
mr		short	code	1.2	१.२
mr		short	code	0.00831765	०.००८३
mr		short	code	1234565.0	१२ लाख
mr		short	code	-1230.05	-१.२ ह
ms	USD	short	code	0.0	USD 0
ms	USD	short	code	1.2	USD 1.2
ms	USD	short	code	0.00831765	USD 0.0083
ms	USD	short	code	1234565.0	USD 1.2J
ms	USD	short	code	-1230.05	-USD 1.2K
ms	EUR	short	code	0.0	EUR 0
ms	EUR	short	code	1.2	EUR 1.2
ms	EUR	short	code	0.00831765	EUR 0.0083
ms	EUR	short	code	1234565.0	EUR 1.2J
ms	EUR	short	code	-1230.05	-EUR 1.2K
ms	JPY	short	code	0.0	JPY 0
ms	JPY	short	code	1.2	JPY 1.2
ms	JPY	short	code	0.00831765	JPY 0.0083
ms	JPY	short	code	1234565.0	JPY 1.2J
ms	JPY	short	code	-1230.05	-JPY 1.2K
ms	RUB	short	code	0.0	RUB 0
ms	RUB	short	code	1.2	RUB 1.2
ms	RUB	short	code	0.00831765	RUB 0.0083
ms	RUB	short	code	1234565.0	RUB 1.2J
ms	RUB	short	code	-1230.05	-RUB 1.2K
ms	EGP	short	code	0.0	EGP 0
ms	EGP	short	code	1.2	EGP 1.2
ms	EGP	short	code	0.00831765	EGP 0.0083
ms	EGP	short	code	1234565.0	EGP 1.2J
ms	EGP	short	code	-1230.05	-EGP 1.2K
ms		short	code	0.0	0
ms		short	code	1.2	1.2
ms		short	code	0.00831765	0.0083
ms		short	code	1234565.0	1.2J
ms		short	code	-1230.05	-1.2K
my	USD	short	code	0.0	၀ USD
my	USD	short	code	1.2	၁.၂ USD
my	USD	short	code	0.00831765	၀.၀၀၈၃ USD
my	USD	short	code	1234565.0	၁.၂ သန်း USD
my	USD	short	code	-1230.05	-၁.၂ ထောင် USD
my	EUR	short	code	0.0	၀ EUR
my	EUR	short	code	1.2	၁.၂ EUR
my	EUR	short	code	0.00831765	၀.၀၀၈၃ EUR
my	EUR	short	code	1234565.0	၁.၂ သန်း EUR
my	EUR	short	code	-1230.05	-၁.၂ ထောင် EUR
my	JPY	short	code	0.0	၀ JPY
my	JPY	short	code	1.2	၁.၂ JPY
my	JPY	short	code	0.00831765	၀.၀၀၈၃ JPY
my	JPY	short	code	1234565.0	၁.၂ သန်း JPY
my	JPY	short	code	-1230.05	-၁.၂ ထောင် JPY
my	RUB	short	code	0.0	၀ RUB
my	RUB	short	code	1.2	၁.၂ RUB
my	RUB	short	code	0.00831765	၀.၀၀၈၃ RUB
my	RUB	short	code	1234565.0	၁.၂ သန်း RUB
my	RUB	short	code	-1230.05	-၁.၂ ထောင် RUB
my	EGP	short	code	0.0	၀ EGP
my	EGP	short	code	1.2	၁.၂ EGP
my	EGP	short	code	0.00831765	၀.၀၀၈၃ EGP
my	EGP	short	code	1234565.0	၁.၂ သန်း EGP
my	EGP	short	code	-1230.05	-၁.၂ ထောင် EGP
my		short	code	0.0	၀
my		short	code	1.2	၁.၂
my		short	code	0.00831765	၀.၀၀၈၃
my		short	code	1234565.0	၁.၂ သန်း
my		short	code	-1230.05	-၁.၂ ထောင်
ne	USD	short	code	0.0	USD ०
ne	USD	short	code	1.2	USD १.२
ne	USD	short	code	0.00831765	USD ०.००८३
ne	USD	short	code	1234565.0	USD १२ लाख
ne	USD	short	code	-1230.05	-USD १.२ हजार
ne	EUR	short	code	0.0	EUR ०
ne	EUR	short	code	1.2	EUR १.२
ne	EUR	short	code	0.00831765	EUR ०.००८३
ne	EUR	short	code	1234565.0	EUR १२ लाख
ne	EUR	short	code	-1230.05	-EUR १.२ हजार
ne	JPY	short	code	0.0	JPY ०
ne	JPY	short	code	1.2	JPY १.२
ne	JPY	short	code	0.00831765	JPY ०.००८३
ne	JPY	short	code	1234565.0	JPY १२ लाख
ne	JPY	short	code	-1230.05	-JPY १.२ हजार
ne	RUB	short	code	0.0	RUB ०
ne	RUB	short	code	1.2	RUB १.२
ne	RUB	short	code	0.00831765	RUB ०.००८३
ne	RUB	short	code	1234565.0	RUB १२ लाख
ne	RUB	short	code	-1230.05	-RUB १.२ हजार
ne	EGP	short	code	0.0	EGP ०
ne	EGP	short	code	1.2	EGP १.२
ne	EGP	short	code	0.00831765	EGP ०.००८३
ne	EGP	short	code	1234565.0	EGP १२ लाख
ne	EGP	short	code	-1230.05	-EGP १.२ हजार
ne		short	code	0.0	०
ne		short	code	1.2	१.२
ne		short	code	0.00831765	०.००८३
ne		short	code	1234565.0	१२ लाख
ne		short	code	-1230.05	-१.२ हजार
nl	USD	short	code	0.0	USD 0
nl	USD	short	code	1.2	USD 1,2
nl	USD	short	code	0.00831765	USD 0,0083
nl	USD	short	code	1234565.0	USD 1,2 mln.
nl	USD	short	code	-1230.05	-USD 1,2K
nl	EUR	short	code	0.0	EUR 0
nl	EUR	short	code	1.2	EUR 1,2
nl	EUR	short	code	0.00831765	EUR 0,0083
nl	EUR	short	code	1234565.0	EUR 1,2 mln.
nl	EUR	short	code	-1230.05	-EUR 1,2K
nl	JPY	short	code	0.0	JPY 0
nl	JPY	short	code	1.2	JPY 1,2
nl	JPY	short	code	0.00831765	JPY 0,0083
nl	JPY	short	code	1234565.0	JPY 1,2 mln.
nl	JPY	short	code	-1230.05	-JPY 1,2K
nl	RUB	short	code	0.0	RUB 0
nl	RUB	short	code	1.2	RUB 1,2
nl	RUB	short	code	0.00831765	RUB 0,0083
nl	RUB	short	code	1234565.0	RUB 1,2 mln.
nl	RUB	short	code	-1230.05	-RUB 1,2K
nl	EGP	short	code	0.0	EGP 0
nl	EGP	short	code	1.2	EGP 1,2
nl	EGP	short	code	0.00831765	EGP 0,0083
nl	EGP	short	code	1234565.0	EGP 1,2 mln.
nl	EGP	short	code	-1230.05	-EGP 1,2K
nl		short	code	0.0	0
nl		short	code	1.2	1,2
nl		short	code	0.00831765	0,0083
nl		short	code	1234565.0	1,2 mln.
nl		short	code	-1230.05	-1,2K
nn	USD	short	code	0.0	0 USD
nn	USD	short	code	1.2	1,2 USD
nn	USD	short	code	0.00831765	0,0083 USD
nn	USD	short	code	1234565.0	1,2 mill. USD
nn	USD	short	code	-1230.05	−1,2k USD
nn	EUR	short	code	0.0	0 EUR
nn	EUR	short	code	1.2	1,2 EUR
nn	EUR	short	code	0.00831765	0,0083 EUR
nn	EUR	short	code	1234565.0	1,2 mill. EUR
nn	EUR	short	code	-1230.05	−1,2k EUR
nn	JPY	short	code	0.0	0 JPY
nn	JPY	short	code	1.2	1,2 JPY
nn	JPY	short	code	0.00831765	0,0083 JPY
nn	JPY	short	code	1234565.0	1,2 mill. JPY
nn	JPY	short	code	-1230.05	−1,2k JPY
nn	RUB	short	code	0.0	0 RUB
nn	RUB	short	code	1.2	1,2 RUB
nn	RUB	short	code	0.00831765	0,0083 RUB
nn	RUB	short	code	1234565.0	1,2 mill. RUB
nn	RUB	short	code	-1230.05	−1,2k RUB
nn	EGP	short	code	0.0	0 EGP
nn	EGP	short	code	1.2	1,2 EGP
nn	EGP	short	code	0.00831765	0,0083 EGP
nn	EGP	short	code	1234565.0	1,2 mill. EGP
nn	EGP	short	code	-1230.05	−1,2k EGP
nn		short	code	0.0	0
nn		short	code	1.2	1,2
nn		short	code	0.00831765	0,0083
nn		short	code	1234565.0	1,2 mill.
nn		short	code	-1230.05	−1,2k
no	USD	short	code	0.0	0 USD
no	USD	short	code	1.2	1,2 USD
no	USD	short	code	0.00831765	0,0083 USD
no	USD	short	code	1234565.0	1,2 mill. USD
no	USD	short	code	-1230.05	−1,2k USD
no	EUR	short	code	0.0	0 EUR
no	EUR	short	code	1.2	1,2 EUR
no	EUR	short	code	0.00831765	0,0083 EUR
no	EUR	short	code	1234565.0	1,2 mill. EUR
no	EUR	short	code	-1230.05	−1,2k EUR
no	JPY	short	code	0.0	0 JPY
no	JPY	short	code	1.2	1,2 JPY
no	JPY	short	code	0.00831765	0,0083 JPY
no	JPY	short	code	1234565.0	1,2 mill. JPY
no	JPY	short	code	-1230.05	−1,2k JPY
no	RUB	short	code	0.0	0 RUB
no	RUB	short	code	1.2	1,2 RUB
no	RUB	short	code	0.00831765	0,0083 RUB
no	RUB	short	code	1234565.0	1,2 mill. RUB
no	RUB	short	code	-1230.05	−1,2k RUB
no	EGP	short	code	0.0	0 EGP
no	EGP	short	code	1.2	1,2 EGP
no	EGP	short	code	0.00831765	0,0083 EGP
no	EGP	short	code	1234565.0	1,2 mill. EGP
no	EGP	short	code	-1230.05	−1,2k EGP
no		short	code	0.0	0
no		short	code	1.2	1,2
no		short	code	0.00831765	0,0083
no		short	code	1234565.0	1,2 mill.
no		short	code	-1230.05	−1,2k
or	USD	short	code	0.0	USD 0
or	USD	short	code	1.2	USD 1.2
or	USD	short	code	0.00831765	USD 0.0083
or	USD	short	code	1234565.0	USD 1.2ନି
or	USD	short	code	-1230.05	-USD 1.2ହ
or	EUR	short	code	0.0	EUR 0
or	EUR	short	code	1.2	EUR 1.2
or	EUR	short	code	0.00831765	EUR 0.0083
or	EUR	short	code	1234565.0	EUR 1.2ନି
or	EUR	short	code	-1230.05	-EUR 1.2ହ
or	JPY	short	code	0.0	JPY 0
or	JPY	short	code	1.2	JPY 1.2
or	JPY	short	code	0.00831765	JPY 0.0083
or	JPY	short	code	1234565.0	JPY 1.2ନି
or	JPY	short	code	-1230.05	-JPY 1.2ହ
or	RUB	short	code	0.0	RUB 0
or	RUB	short	code	1.2	RUB 1.2
or	RUB	short	code	0.00831765	RUB 0.0083
or	RUB	short	code	1234565.0	RUB 1.2ନି
or	RUB	short	code	-1230.05	-RUB 1.2ହ
or	EGP	short	code	0.0	EGP 0
or	EGP	short	code	1.2	EGP 1.2
or	EGP	short	code	0.00831765	EGP 0.0083
or	EGP	short	code	1234565.0	EGP 1.2ନି
or	EGP	short	code	-1230.05	-EGP 1.2ହ
or		short	code	0.0	0
or		short	code	1.2	1.2
or		short	code	0.00831765	0.0083
or		short	code	1234565.0	1.2ନି
or		short	code	-1230.05	-1.2ହ
pa	USD	short	code	0.0	USD 0
pa	USD	short	code	1.2	USD 1.2
pa	USD	short	code	0.00831765	USD 0.0083
pa	USD	short	code	1234565.0	USD 12 ਲੱਖ
pa	USD	short	code	-1230.05	-USD 1.2 ਹਜ਼ਾਰ
pa	EUR	short	code	0.0	EUR 0
pa	EUR	short	code	1.2	EUR 1.2
pa	EUR	short	code	0.00831765	EUR 0.0083
pa	EUR	short	code	1234565.0	EUR 12 ਲੱਖ
pa	EUR	short	code	-1230.05	-EUR 1.2 ਹਜ਼ਾਰ
pa	JPY	short	code	0.0	JPY 0
pa	JPY	short	code	1.2	JPY 1.2
pa	JPY	short	code	0.00831765	JPY 0.0083
pa	JPY	short	code	1234565.0	JPY 12 ਲੱਖ
pa	JPY	short	code	-1230.05	-JPY 1.2 ਹਜ਼ਾਰ
pa	RUB	short	code	0.0	RUB 0
pa	RUB	short	code	1.2	RUB 1.2
pa	RUB	short	code	0.00831765	RUB 0.0083
pa	RUB	short	code	1234565.0	RUB 12 ਲੱਖ
pa	RUB	short	code	-1230.05	-RUB 1.2 ਹਜ਼ਾਰ
pa	EGP	short	code	0.0	EGP 0
pa	EGP	short	code	1.2	EGP 1.2
pa	EGP	short	code	0.00831765	EGP 0.0083
pa	EGP	short	code	1234565.0	EGP 12 ਲੱਖ
pa	EGP	short	code	-1230.05	-EGP 1.2 ਹਜ਼ਾਰ
pa		short	code	0.0	0
pa		short	code	1.2	1.2
pa		short	code	0.00831765	0.0083
pa		short	code	1234565.0	12 ਲੱਖ
pa		short	code	-1230.05	-1.2 ਹਜ਼ਾਰ
pcm	USD	short	code	0.0	USD 0
pcm	USD	short	code	1.2	USD 1.2
pcm	USD	short	code	0.00831765	USD 0.0083
pcm	USD	short	code	1234565.0	USD 1.2M
pcm	USD	short	code	-1230.05	-USD 1.2K
pcm	EUR	short	code	0.0	EUR 0
pcm	EUR	short	code	1.2	EUR 1.2
pcm	EUR	short	code	0.00831765	EUR 0.0083
pcm	EUR	short	code	1234565.0	EUR 1.2M
pcm	EUR	short	code	-1230.05	-EUR 1.2K
pcm	JPY	short	code	0.0	JPY 0
pcm	JPY	short	code	1.2	JPY 1.2
pcm	JPY	short	code	0.00831765	JPY 0.0083
pcm	JPY	short	code	1234565.0	JPY 1.2M
pcm	JPY	short	code	-1230.05	-JPY 1.2K
pcm	RUB	short	code	0.0	RUB 0
pcm	RUB	short	code	1.2	RUB 1.2
pcm	RUB	short	code	0.00831765	RUB 0.0083
pcm	RUB	short	code	1234565.0	RUB 1.2M
pcm	RUB	short	code	-1230.05	-RUB 1.2K
pcm	EGP	short	code	0.0	EGP 0
pcm	EGP	short	code	1.2	EGP 1.2
pcm	EGP	short	code	0.00831765	EGP 0.0083
pcm	EGP	short	code	1234565.0	EGP 1.2M
pcm	EGP	short	code	-1230.05	-EGP 1.2K
pcm		short	code	0.0	0
pcm		short	code	1.2	1.2
pcm		short	code	0.00831765	0.0083
pcm		short	code	1234565.0	1.2M
pcm		short	code	-1230.05	-1.2K
pl	USD	short	code	0.0	0 USD
pl	USD	short	code	1.2	1,2 USD
pl	USD	short	code	0.00831765	0,0083 USD
pl	USD	short	code	1234565.0	1,2 mln USD
pl	USD	short	code	-1230.05	-1,2 tys. USD
pl	EUR	short	code	0.0	0 EUR
pl	EUR	short	code	1.2	1,2 EUR
pl	EUR	short	code	0.00831765	0,0083 EUR
pl	EUR	short	code	1234565.0	1,2 mln EUR
pl	EUR	short	code	-1230.05	-1,2 tys. EUR
pl	JPY	short	code	0.0	0 JPY
pl	JPY	short	code	1.2	1,2 JPY
pl	JPY	short	code	0.00831765	0,0083 JPY
pl	JPY	short	code	1234565.0	1,2 mln JPY
pl	JPY	short	code	-1230.05	-1,2 tys. JPY
pl	RUB	short	code	0.0	0 RUB
pl	RUB	short	code	1.2	1,2 RUB
pl	RUB	short	code	0.00831765	0,0083 RUB
pl	RUB	short	code	1234565.0	1,2 mln RUB
pl	RUB	short	code	-1230.05	-1,2 tys. RUB
pl	EGP	short	code	0.0	0 EGP
pl	EGP	short	code	1.2	1,2 EGP
pl	EGP	short	code	0.00831765	0,0083 EGP
pl	EGP	short	code	1234565.0	1,2 mln EGP
pl	EGP	short	code	-1230.05	-1,2 tys. EGP
pl		short	code	0.0	0
pl		short	code	1.2	1,2
pl		short	code	0.00831765	0,0083
pl		short	code	1234565.0	1,2 mln
pl		short	code	-1230.05	-1,2 tys.
ps	USD	short	code	0.0	USD ۰
ps	USD	short	code	1.2	USD ۱٫۲
ps	USD	short	code	0.00831765	USD ۰٫۰۰۸۳
ps	USD	short	code	1234565.0	USD ۱٫۲M
ps	USD	short	code	-1230.05	‎-‎USD ۱٫۲K
ps	EUR	short	code	0.0	EUR ۰
ps	EUR	short	code	1.2	EUR ۱٫۲
ps	EUR	short	code	0.00831765	EUR ۰٫۰۰۸۳
ps	EUR	short	code	1234565.0	EUR ۱٫۲M
ps	EUR	short	code	-1230.05	‎-‎EUR ۱٫۲K
ps	JPY	short	code	0.0	JPY ۰
ps	JPY	short	code	1.2	JPY ۱٫۲
ps	JPY	short	code	0.00831765	JPY ۰٫۰۰۸۳
ps	JPY	short	code	1234565.0	JPY ۱٫۲M
ps	JPY	short	code	-1230.05	‎-‎JPY ۱٫۲K
ps	RUB	short	code	0.0	RUB ۰
ps	RUB	short	code	1.2	RUB ۱٫۲
ps	RUB	short	code	0.00831765	RUB ۰٫۰۰۸۳
ps	RUB	short	code	1234565.0	RUB ۱٫۲M
ps	RUB	short	code	-1230.05	‎-‎RUB ۱٫۲K
ps	EGP	short	code	0.0	EGP ۰
ps	EGP	short	code	1.2	EGP ۱٫۲
ps	EGP	short	code	0.00831765	EGP ۰٫۰۰۸۳
ps	EGP	short	code	1234565.0	EGP ۱٫۲M
ps	EGP	short	code	-1230.05	‎-‎EGP ۱٫۲K
ps		short	code	0.0	۰
ps		short	code	1.2	۱٫۲
ps		short	code	0.00831765	۰٫۰۰۸۳
ps		short	code	1234565.0	۱٫۲M
ps		short	code	-1230.05	‎-‎۱٫۲K
pt	USD	short	code	0.0	USD 0
pt	USD	short	code	1.2	USD 1,2
pt	USD	short	code	0.00831765	USD 0,0083
pt	USD	short	code	1234565.0	USD 1,2 mi
pt	USD	short	code	-1230.05	-USD 1,2 mil
pt	EUR	short	code	0.0	EUR 0
pt	EUR	short	code	1.2	EUR 1,2
pt	EUR	short	code	0.00831765	EUR 0,0083
pt	EUR	short	code	1234565.0	EUR 1,2 mi
pt	EUR	short	code	-1230.05	-EUR 1,2 mil
pt	JPY	short	code	0.0	JPY 0
pt	JPY	short	code	1.2	JPY 1,2
pt	JPY	short	code	0.00831765	JPY 0,0083
pt	JPY	short	code	1234565.0	JPY 1,2 mi
pt	JPY	short	code	-1230.05	-JPY 1,2 mil
pt	RUB	short	code	0.0	RUB 0
pt	RUB	short	code	1.2	RUB 1,2
pt	RUB	short	code	0.00831765	RUB 0,0083
pt	RUB	short	code	1234565.0	RUB 1,2 mi
pt	RUB	short	code	-1230.05	-RUB 1,2 mil
pt	EGP	short	code	0.0	EGP 0
pt	EGP	short	code	1.2	EGP 1,2
pt	EGP	short	code	0.00831765	EGP 0,0083
pt	EGP	short	code	1234565.0	EGP 1,2 mi
pt	EGP	short	code	-1230.05	-EGP 1,2 mil
pt		short	code	0.0	0
pt		short	code	1.2	1,2
pt		short	code	0.00831765	0,0083
pt		short	code	1234565.0	1,2 mi
pt		short	code	-1230.05	-1,2 mil
qu	USD	short	code	0.0	USD 0
qu	USD	short	code	1.2	USD 1.2
qu	USD	short	code	0.00831765	USD 0.0083
qu	USD	short	code	1234565.0	USD 1.2M
qu	USD	short	code	-1230.05	-USD 1.2K
qu	EUR	short	code	0.0	EUR 0
qu	EUR	short	code	1.2	EUR 1.2
qu	EUR	short	code	0.00831765	EUR 0.0083
qu	EUR	short	code	1234565.0	EUR 1.2M
qu	EUR	short	code	-1230.05	-EUR 1.2K
qu	JPY	short	code	0.0	JPY 0
qu	JPY	short	code	1.2	JPY 1.2
qu	JPY	short	code	0.00831765	JPY 0.0083
qu	JPY	short	code	1234565.0	JPY 1.2M
qu	JPY	short	code	-1230.05	-JPY 1.2K
qu	RUB	short	code	0.0	RUB 0
qu	RUB	short	code	1.2	RUB 1.2
qu	RUB	short	code	0.00831765	RUB 0.0083
qu	RUB	short	code	1234565.0	RUB 1.2M
qu	RUB	short	code	-1230.05	-RUB 1.2K
qu	EGP	short	code	0.0	EGP 0
qu	EGP	short	code	1.2	EGP 1.2
qu	EGP	short	code	0.00831765	EGP 0.0083
qu	EGP	short	code	1234565.0	EGP 1.2M
qu	EGP	short	code	-1230.05	-EGP 1.2K
qu		short	code	0.0	0
qu		short	code	1.2	1.2
qu		short	code	0.00831765	0.0083
qu		short	code	1234565.0	1.2M
qu		short	code	-1230.05	-1.2K
ro	USD	short	code	0.0	0 USD
ro	USD	short	code	1.2	1,2 USD
ro	USD	short	code	0.00831765	0,0083 USD
ro	USD	short	code	1234565.0	1,2 mil. USD
ro	USD	short	code	-1230.05	-1,2 K USD
ro	EUR	short	code	0.0	0 EUR
ro	EUR	short	code	1.2	1,2 EUR
ro	EUR	short	code	0.00831765	0,0083 EUR
ro	EUR	short	code	1234565.0	1,2 mil. EUR
ro	EUR	short	code	-1230.05	-1,2 K EUR
ro	JPY	short	code	0.0	0 JPY
ro	JPY	short	code	1.2	1,2 JPY
ro	JPY	short	code	0.00831765	0,0083 JPY
ro	JPY	short	code	1234565.0	1,2 mil. JPY
ro	JPY	short	code	-1230.05	-1,2 K JPY
ro	RUB	short	code	0.0	0 RUB
ro	RUB	short	code	1.2	1,2 RUB
ro	RUB	short	code	0.00831765	0,0083 RUB
ro	RUB	short	code	1234565.0	1,2 mil. RUB
ro	RUB	short	code	-1230.05	-1,2 K RUB
ro	EGP	short	code	0.0	0 EGP
ro	EGP	short	code	1.2	1,2 EGP
ro	EGP	short	code	0.00831765	0,0083 EGP
ro	EGP	short	code	1234565.0	1,2 mil. EGP
ro	EGP	short	code	-1230.05	-1,2 K EGP
ro		short	code	0.0	0
ro		short	code	1.2	1,2
ro		short	code	0.00831765	0,0083
ro		short	code	1234565.0	1,2 mil.
ro		short	code	-1230.05	-1,2 K
sd	USD	short	code	0.0	٠ USD
sd	USD	short	code	1.2	١.٢ USD
sd	USD	short	code	0.00831765	٠.٠٠٨٣ USD
sd	USD	short	code	1234565.0	USD ١.٢ ملين
sd	USD	short	code	-1230.05	؜-USD ١.٢ هزار
sd	EUR	short	code	0.0	٠ EUR
sd	EUR	short	code	1.2	١.٢ EUR
sd	EUR	short	code	0.00831765	٠.٠٠٨٣ EUR
sd	EUR	short	code	1234565.0	EUR ١.٢ ملين
sd	EUR	short	code	-1230.05	؜-EUR ١.٢ هزار
sd	JPY	short	code	0.0	٠ JPY
sd	JPY	short	code	1.2	١.٢ JPY
sd	JPY	short	code	0.00831765	٠.٠٠٨٣ JPY
sd	JPY	short	code	1234565.0	JPY ١.٢ ملين
sd	JPY	short	code	-1230.05	؜-JPY ١.٢ هزار
sd	RUB	short	code	0.0	٠ RUB
sd	RUB	short	code	1.2	١.٢ RUB
sd	RUB	short	code	0.00831765	٠.٠٠٨٣ RUB
sd	RUB	short	code	1234565.0	RUB ١.٢ ملين
sd	RUB	short	code	-1230.05	؜-RUB ١.٢ هزار
sd	EGP	short	code	0.0	٠ EGP
sd	EGP	short	code	1.2	١.٢ EGP
sd	EGP	short	code	0.00831765	٠.٠٠٨٣ EGP
sd	EGP	short	code	1234565.0	EGP ١.٢ ملين
sd	EGP	short	code	-1230.05	؜-EGP ١.٢ هزار
sd		short	code	0.0	٠
sd		short	code	1.2	١.٢
sd		short	code	0.00831765	٠.٠٠٨٣
sd		short	code	1234565.0	١.٢ ملين
sd		short	code	-1230.05	؜-١.٢ هزار
si	USD	short	code	0.0	USD 0
si	USD	short	code	1.2	USD 1.2
si	USD	short	code	0.00831765	USD 0.0083
si	USD	short	code	1234565.0	USDමි1.2
si	USD	short	code	-1230.05	-USDද1.2
si	EUR	short	code	0.0	EUR 0
si	EUR	short	code	1.2	EUR 1.2
si	EUR	short	code	0.00831765	EUR 0.0083
si	EUR	short	code	1234565.0	EURමි1.2
si	EUR	short	code	-1230.05	-EURද1.2
si	JPY	short	code	0.0	JPY 0
si	JPY	short	code	1.2	JPY 1.2
si	JPY	short	code	0.00831765	JPY 0.0083
si	JPY	short	code	1234565.0	JPYමි1.2
si	JPY	short	code	-1230.05	-JPYද1.2
si	RUB	short	code	0.0	RUB 0
si	RUB	short	code	1.2	RUB 1.2
si	RUB	short	code	0.00831765	RUB 0.0083
si	RUB	short	code	1234565.0	RUBමි1.2
si	RUB	short	code	-1230.05	-RUBද1.2
si	EGP	short	code	0.0	EGP 0
si	EGP	short	code	1.2	EGP 1.2
si	EGP	short	code	0.00831765	EGP 0.0083
si	EGP	short	code	1234565.0	EGPමි1.2
si	EGP	short	code	-1230.05	-EGPද1.2
si		short	code	0.0	0
si		short	code	1.2	1.2
si		short	code	0.00831765	0.0083
si		short	code	1234565.0	මි1.2
si		short	code	-1230.05	-ද1.2
sk	USD	short	code	0.0	0 USD
sk	USD	short	code	1.2	1,2 USD
sk	USD	short	code	0.00831765	0,0083 USD
sk	USD	short	code	1234565.0	1,2 mil. USD
sk	USD	short	code	-1230.05	-1,2 tis. USD
sk	EUR	short	code	0.0	0 EUR
sk	EUR	short	code	1.2	1,2 EUR
sk	EUR	short	code	0.00831765	0,0083 EUR
sk	EUR	short	code	1234565.0	1,2 mil. EUR
sk	EUR	short	code	-1230.05	-1,2 tis. EUR
sk	JPY	short	code	0.0	0 JPY
sk	JPY	short	code	1.2	1,2 JPY
sk	JPY	short	code	0.00831765	0,0083 JPY
sk	JPY	short	code	1234565.0	1,2 mil. JPY
sk	JPY	short	code	-1230.05	-1,2 tis. JPY
sk	RUB	short	code	0.0	0 RUB
sk	RUB	short	code	1.2	1,2 RUB
sk	RUB	short	code	0.00831765	0,0083 RUB
sk	RUB	short	code	1234565.0	1,2 mil. RUB
sk	RUB	short	code	-1230.05	-1,2 tis. RUB
sk	EGP	short	code	0.0	0 EGP
sk	EGP	short	code	1.2	1,2 EGP
sk	EGP	short	code	0.00831765	0,0083 EGP
sk	EGP	short	code	1234565.0	1,2 mil. EGP
sk	EGP	short	code	-1230.05	-1,2 tis. EGP
sk		short	code	0.0	0
sk		short	code	1.2	1,2
sk		short	code	0.00831765	0,0083
sk		short	code	1234565.0	1,2 mil.
sk		short	code	-1230.05	-1,2 tis.
sl	USD	short	code	0.0	0 USD
sl	USD	short	code	1.2	1,2 USD
sl	USD	short	code	0.00831765	0,0083 USD
sl	USD	short	code	1234565.0	1,2 mio. USD
sl	USD	short	code	-1230.05	−1,2 tis. USD
sl	EUR	short	code	0.0	0 EUR
sl	EUR	short	code	1.2	1,2 EUR
sl	EUR	short	code	0.00831765	0,0083 EUR
sl	EUR	short	code	1234565.0	1,2 mio. EUR
sl	EUR	short	code	-1230.05	−1,2 tis. EUR
sl	JPY	short	code	0.0	0 JPY
sl	JPY	short	code	1.2	1,2 JPY
sl	JPY	short	code	0.00831765	0,0083 JPY
sl	JPY	short	code	1234565.0	1,2 mio. JPY
sl	JPY	short	code	-1230.05	−1,2 tis. JPY
sl	RUB	short	code	0.0	0 RUB
sl	RUB	short	code	1.2	1,2 RUB
sl	RUB	short	code	0.00831765	0,0083 RUB
sl	RUB	short	code	1234565.0	1,2 mio. RUB
sl	RUB	short	code	-1230.05	−1,2 tis. RUB
sl	EGP	short	code	0.0	0 EGP
sl	EGP	short	code	1.2	1,2 EGP
sl	EGP	short	code	0.00831765	0,0083 EGP
sl	EGP	short	code	1234565.0	1,2 mio. EGP
sl	EGP	short	code	-1230.05	−1,2 tis. EGP
sl		short	code	0.0	0
sl		short	code	1.2	1,2
sl		short	code	0.00831765	0,0083
sl		short	code	1234565.0	1,2 mio.
sl		short	code	-1230.05	−1,2 tis.
so	USD	short	code	0.0	USD 0
so	USD	short	code	1.2	USD 1.2
so	USD	short	code	0.00831765	USD 0.0083
so	USD	short	code	1234565.0	USD 1.2M
so	USD	short	code	-1230.05	-USD 1.2K
so	EUR	short	code	0.0	EUR 0
so	EUR	short	code	1.2	EUR 1.2
so	EUR	short	code	0.00831765	EUR 0.0083
so	EUR	short	code	1234565.0	EUR 1.2M
so	EUR	short	code	-1230.05	-EUR 1.2K
so	JPY	short	code	0.0	JPY 0
so	JPY	short	code	1.2	JPY 1.2
so	JPY	short	code	0.00831765	JPY 0.0083
so	JPY	short	code	1234565.0	JPY 1.2M
so	JPY	short	code	-1230.05	-JPY 1.2K
so	RUB	short	code	0.0	RUB 0
so	RUB	short	code	1.2	RUB 1.2
so	RUB	short	code	0.00831765	RUB 0.0083
so	RUB	short	code	1234565.0	RUB 1.2M
so	RUB	short	code	-1230.05	-RUB 1.2K
so	EGP	short	code	0.0	EGP 0
so	EGP	short	code	1.2	EGP 1.2
so	EGP	short	code	0.00831765	EGP 0.0083
so	EGP	short	code	1234565.0	EGP 1.2M
so	EGP	short	code	-1230.05	-EGP 1.2K
so		short	code	0.0	0
so		short	code	1.2	1.2
so		short	code	0.00831765	0.0083
so		short	code	1234565.0	1.2M
so		short	code	-1230.05	-1.2K
sq	USD	short	code	0.0	0 USD
sq	USD	short	code	1.2	1,2 USD
sq	USD	short	code	0.00831765	0,0083 USD
sq	USD	short	code	1234565.0	1,2 mln USD
sq	USD	short	code	-1230.05	-1,2 mijë USD
sq	EUR	short	code	0.0	0 EUR
sq	EUR	short	code	1.2	1,2 EUR
sq	EUR	short	code	0.00831765	0,0083 EUR
sq	EUR	short	code	1234565.0	1,2 mln EUR
sq	EUR	short	code	-1230.05	-1,2 mijë EUR
sq	JPY	short	code	0.0	0 JPY
sq	JPY	short	code	1.2	1,2 JPY
sq	JPY	short	code	0.00831765	0,0083 JPY
sq	JPY	short	code	1234565.0	1,2 mln JPY
sq	JPY	short	code	-1230.05	-1,2 mijë JPY
sq	RUB	short	code	0.0	0 RUB
sq	RUB	short	code	1.2	1,2 RUB
sq	RUB	short	code	0.00831765	0,0083 RUB
sq	RUB	short	code	1234565.0	1,2 mln RUB
sq	RUB	short	code	-1230.05	-1,2 mijë RUB
sq	EGP	short	code	0.0	0 EGP
sq	EGP	short	code	1.2	1,2 EGP
sq	EGP	short	code	0.00831765	0,0083 EGP
sq	EGP	short	code	1234565.0	1,2 mln EGP
sq	EGP	short	code	-1230.05	-1,2 mijë EGP
sq		short	code	0.0	0
sq		short	code	1.2	1,2
sq		short	code	0.00831765	0,0083
sq		short	code	1234565.0	1,2 mln
sq		short	code	-1230.05	-1,2 mijë
sr	USD	short	code	0.0	0 USD
sr	USD	short	code	1.2	1,2 USD
sr	USD	short	code	0.00831765	0,0083 USD
sr	USD	short	code	1234565.0	1,2 мил. USD
sr	USD	short	code	-1230.05	-1,2 хиљ. USD
sr	EUR	short	code	0.0	0 EUR
sr	EUR	short	code	1.2	1,2 EUR
sr	EUR	short	code	0.00831765	0,0083 EUR
sr	EUR	short	code	1234565.0	1,2 мил. EUR
sr	EUR	short	code	-1230.05	-1,2 хиљ. EUR
sr	JPY	short	code	0.0	0 JPY
sr	JPY	short	code	1.2	1,2 JPY
sr	JPY	short	code	0.00831765	0,0083 JPY
sr	JPY	short	code	1234565.0	1,2 мил. JPY
sr	JPY	short	code	-1230.05	-1,2 хиљ. JPY
sr	RUB	short	code	0.0	0 RUB
sr	RUB	short	code	1.2	1,2 RUB
sr	RUB	short	code	0.00831765	0,0083 RUB
sr	RUB	short	code	1234565.0	1,2 мил. RUB
sr	RUB	short	code	-1230.05	-1,2 хиљ. RUB
sr	EGP	short	code	0.0	0 EGP
sr	EGP	short	code	1.2	1,2 EGP
sr	EGP	short	code	0.00831765	0,0083 EGP
sr	EGP	short	code	1234565.0	1,2 мил. EGP
sr	EGP	short	code	-1230.05	-1,2 хиљ. EGP
sr		short	code	0.0	0
sr		short	code	1.2	1,2
sr		short	code	0.00831765	0,0083
sr		short	code	1234565.0	1,2 мил.
sr		short	code	-1230.05	-1,2 хиљ.
sr_Latn	USD	short	code	0.0	0 USD
sr_Latn	USD	short	code	1.2	1,2 USD
sr_Latn	USD	short	code	0.00831765	0,0083 USD
sr_Latn	USD	short	code	1234565.0	1,2 mil. USD
sr_Latn	USD	short	code	-1230.05	-1,2 hilj. USD
sr_Latn	EUR	short	code	0.0	0 EUR
sr_Latn	EUR	short	code	1.2	1,2 EUR
sr_Latn	EUR	short	code	0.00831765	0,0083 EUR
sr_Latn	EUR	short	code	1234565.0	1,2 mil. EUR
sr_Latn	EUR	short	code	-1230.05	-1,2 hilj. EUR
sr_Latn	JPY	short	code	0.0	0 JPY
sr_Latn	JPY	short	code	1.2	1,2 JPY
sr_Latn	JPY	short	code	0.00831765	0,0083 JPY
sr_Latn	JPY	short	code	1234565.0	1,2 mil. JPY
sr_Latn	JPY	short	code	-1230.05	-1,2 hilj. JPY
sr_Latn	RUB	short	code	0.0	0 RUB
sr_Latn	RUB	short	code	1.2	1,2 RUB
sr_Latn	RUB	short	code	0.00831765	0,0083 RUB
sr_Latn	RUB	short	code	1234565.0	1,2 mil. RUB
sr_Latn	RUB	short	code	-1230.05	-1,2 hilj. RUB
sr_Latn	EGP	short	code	0.0	0 EGP
sr_Latn	EGP	short	code	1.2	1,2 EGP
sr_Latn	EGP	short	code	0.00831765	0,0083 EGP
sr_Latn	EGP	short	code	1234565.0	1,2 mil. EGP
sr_Latn	EGP	short	code	-1230.05	-1,2 hilj. EGP
sr_Latn		short	code	0.0	0
sr_Latn		short	code	1.2	1,2
sr_Latn		short	code	0.00831765	0,0083
sr_Latn		short	code	1234565.0	1,2 mil.
sr_Latn		short	code	-1230.05	-1,2 hilj.
sv	USD	short	code	0.0	0 USD
sv	USD	short	code	1.2	1,2 USD
sv	USD	short	code	0.00831765	0,0083 USD
sv	USD	short	code	1234565.0	1,2 mn USD
sv	USD	short	code	-1230.05	−1,2 tn USD
sv	EUR	short	code	0.0	0 EUR
sv	EUR	short	code	1.2	1,2 EUR
sv	EUR	short	code	0.00831765	0,0083 EUR
sv	EUR	short	code	1234565.0	1,2 mn EUR
sv	EUR	short	code	-1230.05	−1,2 tn EUR
sv	JPY	short	code	0.0	0 JPY
sv	JPY	short	code	1.2	1,2 JPY
sv	JPY	short	code	0.00831765	0,0083 JPY
sv	JPY	short	code	1234565.0	1,2 mn JPY
sv	JPY	short	code	-1230.05	−1,2 tn JPY
sv	RUB	short	code	0.0	0 RUB
sv	RUB	short	code	1.2	1,2 RUB
sv	RUB	short	code	0.00831765	0,0083 RUB
sv	RUB	short	code	1234565.0	1,2 mn RUB
sv	RUB	short	code	-1230.05	−1,2 tn RUB
sv	EGP	short	code	0.0	0 EGP
sv	EGP	short	code	1.2	1,2 EGP
sv	EGP	short	code	0.00831765	0,0083 EGP
sv	EGP	short	code	1234565.0	1,2 mn EGP
sv	EGP	short	code	-1230.05	−1,2 tn EGP
sv		short	code	0.0	0
sv		short	code	1.2	1,2
sv		short	code	0.00831765	0,0083
sv		short	code	1234565.0	1,2 mn
sv		short	code	-1230.05	−1,2 tn
sw	USD	short	code	0.0	USD 0
sw	USD	short	code	1.2	USD 1.2
sw	USD	short	code	0.00831765	USD 0.0083
sw	USD	short	code	1234565.0	USD 1.2M
sw	USD	short	code	-1230.05	USD elfu -1.2
sw	EUR	short	code	0.0	EUR 0
sw	EUR	short	code	1.2	EUR 1.2
sw	EUR	short	code	0.00831765	EUR 0.0083
sw	EUR	short	code	1234565.0	EUR 1.2M
sw	EUR	short	code	-1230.05	EUR elfu -1.2
sw	JPY	short	code	0.0	JPY 0
sw	JPY	short	code	1.2	JPY 1.2
sw	JPY	short	code	0.00831765	JPY 0.0083
sw	JPY	short	code	1234565.0	JPY 1.2M
sw	JPY	short	code	-1230.05	JPY elfu -1.2
sw	RUB	short	code	0.0	RUB 0
sw	RUB	short	code	1.2	RUB 1.2
sw	RUB	short	code	0.00831765	RUB 0.0083
sw	RUB	short	code	1234565.0	RUB 1.2M
sw	RUB	short	code	-1230.05	RUB elfu -1.2
sw	EGP	short	code	0.0	EGP 0
sw	EGP	short	code	1.2	EGP 1.2
sw	EGP	short	code	0.00831765	EGP 0.0083
sw	EGP	short	code	1234565.0	EGP 1.2M
sw	EGP	short	code	-1230.05	EGP elfu -1.2
sw		short	code	0.0	0
sw		short	code	1.2	1.2
sw		short	code	0.00831765	0.0083
sw		short	code	1234565.0	1.2M
sw		short	code	-1230.05	elfu -1.2
ta	USD	short	code	0.0	USD 0
ta	USD	short	code	1.2	USD 1.2
ta	USD	short	code	0.00831765	USD 0.0083
ta	USD	short	code	1234565.0	USD 1.2மி
ta	USD	short	code	-1230.05	-USD 1.2ஆ
ta	EUR	short	code	0.0	EUR 0
ta	EUR	short	code	1.2	EUR 1.2
ta	EUR	short	code	0.00831765	EUR 0.0083
ta	EUR	short	code	1234565.0	EUR 1.2மி
ta	EUR	short	code	-1230.05	-EUR 1.2ஆ
ta	JPY	short	code	0.0	JPY 0
ta	JPY	short	code	1.2	JPY 1.2
ta	JPY	short	code	0.00831765	JPY 0.0083
ta	JPY	short	code	1234565.0	JPY 1.2மி
ta	JPY	short	code	-1230.05	-JPY 1.2ஆ
ta	RUB	short	code	0.0	RUB 0
ta	RUB	short	code	1.2	RUB 1.2
ta	RUB	short	code	0.00831765	RUB 0.0083
ta	RUB	short	code	1234565.0	RUB 1.2மி
ta	RUB	short	code	-1230.05	-RUB 1.2ஆ
ta	EGP	short	code	0.0	EGP 0
ta	EGP	short	code	1.2	EGP 1.2
ta	EGP	short	code	0.00831765	EGP 0.0083
ta	EGP	short	code	1234565.0	EGP 1.2மி
ta	EGP	short	code	-1230.05	-EGP 1.2ஆ
ta		short	code	0.0	0
ta		short	code	1.2	1.2
ta		short	code	0.00831765	0.0083
ta		short	code	1234565.0	1.2மி
ta		short	code	-1230.05	-1.2ஆ
te	USD	short	code	0.0	USD 0
te	USD	short	code	1.2	USD 1.2
te	USD	short	code	0.00831765	USD 0.0083
te	USD	short	code	1234565.0	USD 1.2మి
te	USD	short	code	-1230.05	-USD 1.2వే
te	EUR	short	code	0.0	EUR 0
te	EUR	short	code	1.2	EUR 1.2
te	EUR	short	code	0.00831765	EUR 0.0083
te	EUR	short	code	1234565.0	EUR 1.2మి
te	EUR	short	code	-1230.05	-EUR 1.2వే
te	JPY	short	code	0.0	JPY 0
te	JPY	short	code	1.2	JPY 1.2
te	JPY	short	code	0.00831765	JPY 0.0083
te	JPY	short	code	1234565.0	JPY 1.2మి
te	JPY	short	code	-1230.05	-JPY 1.2వే
te	RUB	short	code	0.0	RUB 0
te	RUB	short	code	1.2	RUB 1.2
te	RUB	short	code	0.00831765	RUB 0.0083
te	RUB	short	code	1234565.0	RUB 1.2మి
te	RUB	short	code	-1230.05	-RUB 1.2వే
te	EGP	short	code	0.0	EGP 0
te	EGP	short	code	1.2	EGP 1.2
te	EGP	short	code	0.00831765	EGP 0.0083
te	EGP	short	code	1234565.0	EGP 1.2మి
te	EGP	short	code	-1230.05	-EGP 1.2వే
te		short	code	0.0	0
te		short	code	1.2	1.2
te		short	code	0.00831765	0.0083
te		short	code	1234565.0	1.2మి
te		short	code	-1230.05	-1.2వే
th	USD	short	code	0.0	USD 0
th	USD	short	code	1.2	USD 1.2
th	USD	short	code	0.00831765	USD 0.0083
th	USD	short	code	1234565.0	USD 1.2M
th	USD	short	code	-1230.05	-USD 1.2K
th	EUR	short	code	0.0	EUR 0
th	EUR	short	code	1.2	EUR 1.2
th	EUR	short	code	0.00831765	EUR 0.0083
th	EUR	short	code	1234565.0	EUR 1.2M
th	EUR	short	code	-1230.05	-EUR 1.2K
th	JPY	short	code	0.0	JPY 0
th	JPY	short	code	1.2	JPY 1.2
th	JPY	short	code	0.00831765	JPY 0.0083
th	JPY	short	code	1234565.0	JPY 1.2M
th	JPY	short	code	-1230.05	-JPY 1.2K
th	RUB	short	code	0.0	RUB 0
th	RUB	short	code	1.2	RUB 1.2
th	RUB	short	code	0.00831765	RUB 0.0083
th	RUB	short	code	1234565.0	RUB 1.2M
th	RUB	short	code	-1230.05	-RUB 1.2K
th	EGP	short	code	0.0	EGP 0
th	EGP	short	code	1.2	EGP 1.2
th	EGP	short	code	0.00831765	EGP 0.0083
th	EGP	short	code	1234565.0	EGP 1.2M
th	EGP	short	code	-1230.05	-EGP 1.2K
th		short	code	0.0	0
th		short	code	1.2	1.2
th		short	code	0.00831765	0.0083
th		short	code	1234565.0	1.2M
th		short	code	-1230.05	-1.2K
tk	USD	short	code	0.0	0 USD
tk	USD	short	code	1.2	1,2 USD
tk	USD	short	code	0.00831765	0,0083 USD
tk	USD	short	code	1234565.0	1,2 mln USD
tk	USD	short	code	-1230.05	-1,2 müň USD
tk	EUR	short	code	0.0	0 EUR
tk	EUR	short	code	1.2	1,2 EUR
tk	EUR	short	code	0.00831765	0,0083 EUR
tk	EUR	short	code	1234565.0	1,2 mln EUR
tk	EUR	short	code	-1230.05	-1,2 müň EUR
tk	JPY	short	code	0.0	0 JPY
tk	JPY	short	code	1.2	1,2 JPY
tk	JPY	short	code	0.00831765	0,0083 JPY
tk	JPY	short	code	1234565.0	1,2 mln JPY
tk	JPY	short	code	-1230.05	-1,2 müň JPY
tk	RUB	short	code	0.0	0 RUB
tk	RUB	short	code	1.2	1,2 RUB
tk	RUB	short	code	0.00831765	0,0083 RUB
tk	RUB	short	code	1234565.0	1,2 mln RUB
tk	RUB	short	code	-1230.05	-1,2 müň RUB
tk	EGP	short	code	0.0	0 EGP
tk	EGP	short	code	1.2	1,2 EGP
tk	EGP	short	code	0.00831765	0,0083 EGP
tk	EGP	short	code	1234565.0	1,2 mln EGP
tk	EGP	short	code	-1230.05	-1,2 müň EGP
tk		short	code	0.0	0
tk		short	code	1.2	1,2
tk		short	code	0.00831765	0,0083
tk		short	code	1234565.0	1,2 mln
tk		short	code	-1230.05	-1,2 müň
tr	USD	short	code	0.0	USD 0
tr	USD	short	code	1.2	USD 1,2
tr	USD	short	code	0.00831765	USD 0,0083
tr	USD	short	code	1234565.0	USD 1,2 Mn
tr	USD	short	code	-1230.05	-USD 1,2 B
tr	EUR	short	code	0.0	EUR 0
tr	EUR	short	code	1.2	EUR 1,2
tr	EUR	short	code	0.00831765	EUR 0,0083
tr	EUR	short	code	1234565.0	EUR 1,2 Mn
tr	EUR	short	code	-1230.05	-EUR 1,2 B
tr	JPY	short	code	0.0	JPY 0
tr	JPY	short	code	1.2	JPY 1,2
tr	JPY	short	code	0.00831765	JPY 0,0083
tr	JPY	short	code	1234565.0	JPY 1,2 Mn
tr	JPY	short	code	-1230.05	-JPY 1,2 B
tr	RUB	short	code	0.0	RUB 0
tr	RUB	short	code	1.2	RUB 1,2
tr	RUB	short	code	0.00831765	RUB 0,0083
tr	RUB	short	code	1234565.0	RUB 1,2 Mn
tr	RUB	short	code	-1230.05	-RUB 1,2 B
tr	EGP	short	code	0.0	EGP 0
tr	EGP	short	code	1.2	EGP 1,2
tr	EGP	short	code	0.00831765	EGP 0,0083
tr	EGP	short	code	1234565.0	EGP 1,2 Mn
tr	EGP	short	code	-1230.05	-EGP 1,2 B
tr		short	code	0.0	0
tr		short	code	1.2	1,2
tr		short	code	0.00831765	0,0083
tr		short	code	1234565.0	1,2 Mn
tr		short	code	-1230.05	-1,2 B
uk	USD	short	code	0.0	0 USD
uk	USD	short	code	1.2	1,2 USD
uk	USD	short	code	0.00831765	0,0083 USD
uk	USD	short	code	1234565.0	1,2 млн USD
uk	USD	short	code	-1230.05	-1,2 тис. USD
uk	EUR	short	code	0.0	0 EUR
uk	EUR	short	code	1.2	1,2 EUR
uk	EUR	short	code	0.00831765	0,0083 EUR
uk	EUR	short	code	1234565.0	1,2 млн EUR
uk	EUR	short	code	-1230.05	-1,2 тис. EUR
uk	JPY	short	code	0.0	0 JPY
uk	JPY	short	code	1.2	1,2 JPY
uk	JPY	short	code	0.00831765	0,0083 JPY
uk	JPY	short	code	1234565.0	1,2 млн JPY
uk	JPY	short	code	-1230.05	-1,2 тис. JPY
uk	RUB	short	code	0.0	0 RUB
uk	RUB	short	code	1.2	1,2 RUB
uk	RUB	short	code	0.00831765	0,0083 RUB
uk	RUB	short	code	1234565.0	1,2 млн RUB
uk	RUB	short	code	-1230.05	-1,2 тис. RUB
uk	EGP	short	code	0.0	0 EGP
uk	EGP	short	code	1.2	1,2 EGP
uk	EGP	short	code	0.00831765	0,0083 EGP
uk	EGP	short	code	1234565.0	1,2 млн EGP
uk	EGP	short	code	-1230.05	-1,2 тис. EGP
uk		short	code	0.0	0
uk		short	code	1.2	1,2
uk		short	code	0.00831765	0,0083
uk		short	code	1234565.0	1,2 млн
uk		short	code	-1230.05	-1,2 тис.
ur	USD	short	code	0.0	USD 0
ur	USD	short	code	1.2	USD 1.2
ur	USD	short	code	0.00831765	USD 0.0083
ur	USD	short	code	1234565.0	USD 12 لاکھ
ur	USD	short	code	-1230.05	‎-USD 1.2 ہزار
ur	EUR	short	code	0.0	EUR 0
ur	EUR	short	code	1.2	EUR 1.2
ur	EUR	short	code	0.00831765	EUR 0.0083
ur	EUR	short	code	1234565.0	EUR 12 لاکھ
ur	EUR	short	code	-1230.05	‎-EUR 1.2 ہزار
ur	JPY	short	code	0.0	JPY 0
ur	JPY	short	code	1.2	JPY 1.2
ur	JPY	short	code	0.00831765	JPY 0.0083
ur	JPY	short	code	1234565.0	JPY 12 لاکھ
ur	JPY	short	code	-1230.05	‎-JPY 1.2 ہزار
ur	RUB	short	code	0.0	RUB 0
ur	RUB	short	code	1.2	RUB 1.2
ur	RUB	short	code	0.00831765	RUB 0.0083
ur	RUB	short	code	1234565.0	RUB 12 لاکھ
ur	RUB	short	code	-1230.05	‎-RUB 1.2 ہزار
ur	EGP	short	code	0.0	EGP 0
ur	EGP	short	code	1.2	EGP 1.2
ur	EGP	short	code	0.00831765	EGP 0.0083
ur	EGP	short	code	1234565.0	EGP 12 لاکھ
ur	EGP	short	code	-1230.05	‎-EGP 1.2 ہزار
ur		short	code	0.0	0
ur		short	code	1.2	1.2
ur		short	code	0.00831765	0.0083
ur		short	code	1234565.0	12 لاکھ
ur		short	code	-1230.05	‎-1.2 ہزار
uz	USD	short	code	0.0	0 USD
uz	USD	short	code	1.2	1,2 USD
uz	USD	short	code	0.00831765	0,0083 USD
uz	USD	short	code	1234565.0	1,2 mln USD
uz	USD	short	code	-1230.05	-1,2 ming USD
uz	EUR	short	code	0.0	0 EUR
uz	EUR	short	code	1.2	1,2 EUR
uz	EUR	short	code	0.00831765	0,0083 EUR
uz	EUR	short	code	1234565.0	1,2 mln EUR
uz	EUR	short	code	-1230.05	-1,2 ming EUR
uz	JPY	short	code	0.0	0 JPY
uz	JPY	short	code	1.2	1,2 JPY
uz	JPY	short	code	0.00831765	0,0083 JPY
uz	JPY	short	code	1234565.0	1,2 mln JPY
uz	JPY	short	code	-1230.05	-1,2 ming JPY
uz	RUB	short	code	0.0	0 RUB
uz	RUB	short	code	1.2	1,2 RUB
uz	RUB	short	code	0.00831765	0,0083 RUB
uz	RUB	short	code	1234565.0	1,2 mln RUB
uz	RUB	short	code	-1230.05	-1,2 ming RUB
uz	EGP	short	code	0.0	0 EGP
uz	EGP	short	code	1.2	1,2 EGP
uz	EGP	short	code	0.00831765	0,0083 EGP
uz	EGP	short	code	1234565.0	1,2 mln EGP
uz	EGP	short	code	-1230.05	-1,2 ming EGP
uz		short	code	0.0	0
uz		short	code	1.2	1,2
uz		short	code	0.00831765	0,0083
uz		short	code	1234565.0	1,2 mln
uz		short	code	-1230.05	-1,2 ming
vi	USD	short	code	0.0	0 USD
vi	USD	short	code	1.2	1,2 USD
vi	USD	short	code	0.00831765	0,0083 USD
vi	USD	short	code	1234565.0	1,2 Tr USD
vi	USD	short	code	-1230.05	-1,2 N USD
vi	EUR	short	code	0.0	0 EUR
vi	EUR	short	code	1.2	1,2 EUR
vi	EUR	short	code	0.00831765	0,0083 EUR
vi	EUR	short	code	1234565.0	1,2 Tr EUR
vi	EUR	short	code	-1230.05	-1,2 N EUR
vi	JPY	short	code	0.0	0 JPY
vi	JPY	short	code	1.2	1,2 JPY
vi	JPY	short	code	0.00831765	0,0083 JPY
vi	JPY	short	code	1234565.0	1,2 Tr JPY
vi	JPY	short	code	-1230.05	-1,2 N JPY
vi	RUB	short	code	0.0	0 RUB
vi	RUB	short	code	1.2	1,2 RUB
vi	RUB	short	code	0.00831765	0,0083 RUB
vi	RUB	short	code	1234565.0	1,2 Tr RUB
vi	RUB	short	code	-1230.05	-1,2 N RUB
vi	EGP	short	code	0.0	0 EGP
vi	EGP	short	code	1.2	1,2 EGP
vi	EGP	short	code	0.00831765	0,0083 EGP
vi	EGP	short	code	1234565.0	1,2 Tr EGP
vi	EGP	short	code	-1230.05	-1,2 N EGP
vi		short	code	0.0	0
vi		short	code	1.2	1,2
vi		short	code	0.00831765	0,0083
vi		short	code	1234565.0	1,2 Tr
vi		short	code	-1230.05	-1,2 N
yo	USD	short	code	0.0	USD 0
yo	USD	short	code	1.2	USD 1.2
yo	USD	short	code	0.00831765	USD 0.0083
yo	USD	short	code	1234565.0	USD 1.2M
yo	USD	short	code	-1230.05	-USD 1.2K
yo	EUR	short	code	0.0	EUR 0
yo	EUR	short	code	1.2	EUR 1.2
yo	EUR	short	code	0.00831765	EUR 0.0083
yo	EUR	short	code	1234565.0	EUR 1.2M
yo	EUR	short	code	-1230.05	-EUR 1.2K
yo	JPY	short	code	0.0	JPY 0
yo	JPY	short	code	1.2	JPY 1.2
yo	JPY	short	code	0.00831765	JPY 0.0083
yo	JPY	short	code	1234565.0	JPY 1.2M
yo	JPY	short	code	-1230.05	-JPY 1.2K
yo	RUB	short	code	0.0	RUB 0
yo	RUB	short	code	1.2	RUB 1.2
yo	RUB	short	code	0.00831765	RUB 0.0083
yo	RUB	short	code	1234565.0	RUB 1.2M
yo	RUB	short	code	-1230.05	-RUB 1.2K
yo	EGP	short	code	0.0	EGP 0
yo	EGP	short	code	1.2	EGP 1.2
yo	EGP	short	code	0.00831765	EGP 0.0083
yo	EGP	short	code	1234565.0	EGP 1.2M
yo	EGP	short	code	-1230.05	-EGP 1.2K
yo		short	code	0.0	0
yo		short	code	1.2	1.2
yo		short	code	0.00831765	0.0083
yo		short	code	1234565.0	1.2M
yo		short	code	-1230.05	-1.2K
yue	USD	short	code	0.0	USD 0
yue	USD	short	code	1.2	USD 1.2
yue	USD	short	code	0.00831765	USD 0.0083
yue	USD	short	code	1234565.0	USD 123萬
yue	USD	short	code	-1230.05	-USD 1.2千
yue	EUR	short	code	0.0	EUR 0
yue	EUR	short	code	1.2	EUR 1.2
yue	EUR	short	code	0.00831765	EUR 0.0083
yue	EUR	short	code	1234565.0	EUR 123萬
yue	EUR	short	code	-1230.05	-EUR 1.2千
yue	JPY	short	code	0.0	JPY 0
yue	JPY	short	code	1.2	JPY 1.2
yue	JPY	short	code	0.00831765	JPY 0.0083
yue	JPY	short	code	1234565.0	JPY 123萬
yue	JPY	short	code	-1230.05	-JPY 1.2千
yue	RUB	short	code	0.0	RUB 0
yue	RUB	short	code	1.2	RUB 1.2
yue	RUB	short	code	0.00831765	RUB 0.0083
yue	RUB	short	code	1234565.0	RUB 123萬
yue	RUB	short	code	-1230.05	-RUB 1.2千
yue	EGP	short	code	0.0	EGP 0
yue	EGP	short	code	1.2	EGP 1.2
yue	EGP	short	code	0.00831765	EGP 0.0083
yue	EGP	short	code	1234565.0	EGP 123萬
yue	EGP	short	code	-1230.05	-EGP 1.2千
yue		short	code	0.0	0
yue		short	code	1.2	1.2
yue		short	code	0.00831765	0.0083
yue		short	code	1234565.0	123萬
yue		short	code	-1230.05	-1.2千
zh	USD	short	code	0.0	USD 0
zh	USD	short	code	1.2	USD 1.2
zh	USD	short	code	0.00831765	USD 0.0083
zh	USD	short	code	1234565.0	USD 123万
zh	USD	short	code	-1230.05	-USD 1230
zh	EUR	short	code	0.0	EUR 0
zh	EUR	short	code	1.2	EUR 1.2
zh	EUR	short	code	0.00831765	EUR 0.0083
zh	EUR	short	code	1234565.0	EUR 123万
zh	EUR	short	code	-1230.05	-EUR 1230
zh	JPY	short	code	0.0	JPY 0
zh	JPY	short	code	1.2	JPY 1.2
zh	JPY	short	code	0.00831765	JPY 0.0083
zh	JPY	short	code	1234565.0	JPY 123万
zh	JPY	short	code	-1230.05	-JPY 1230
zh	RUB	short	code	0.0	RUB 0
zh	RUB	short	code	1.2	RUB 1.2
zh	RUB	short	code	0.00831765	RUB 0.0083
zh	RUB	short	code	1234565.0	RUB 123万
zh	RUB	short	code	-1230.05	-RUB 1230
zh	EGP	short	code	0.0	EGP 0
zh	EGP	short	code	1.2	EGP 1.2
zh	EGP	short	code	0.00831765	EGP 0.0083
zh	EGP	short	code	1234565.0	EGP 123万
zh	EGP	short	code	-1230.05	-EGP 1230
zh		short	code	0.0	0
zh		short	code	1.2	1.2
zh		short	code	0.00831765	0.0083
zh		short	code	1234565.0	123万
zh		short	code	-1230.05	-1230
zh_Hant	USD	short	code	0.0	USD 0
zh_Hant	USD	short	code	1.2	USD 1.2
zh_Hant	USD	short	code	0.00831765	USD 0.0083
zh_Hant	USD	short	code	1234565.0	USD 123萬
zh_Hant	USD	short	code	-1230.05	-USD 1230
zh_Hant	EUR	short	code	0.0	EUR 0
zh_Hant	EUR	short	code	1.2	EUR 1.2
zh_Hant	EUR	short	code	0.00831765	EUR 0.0083
zh_Hant	EUR	short	code	1234565.0	EUR 123萬
zh_Hant	EUR	short	code	-1230.05	-EUR 1230
zh_Hant	JPY	short	code	0.0	JPY 0
zh_Hant	JPY	short	code	1.2	JPY 1.2
zh_Hant	JPY	short	code	0.00831765	JPY 0.0083
zh_Hant	JPY	short	code	1234565.0	JPY 123萬
zh_Hant	JPY	short	code	-1230.05	-JPY 1230
zh_Hant	RUB	short	code	0.0	RUB 0
zh_Hant	RUB	short	code	1.2	RUB 1.2
zh_Hant	RUB	short	code	0.00831765	RUB 0.0083
zh_Hant	RUB	short	code	1234565.0	RUB 123萬
zh_Hant	RUB	short	code	-1230.05	-RUB 1230
zh_Hant	EGP	short	code	0.0	EGP 0
zh_Hant	EGP	short	code	1.2	EGP 1.2
zh_Hant	EGP	short	code	0.00831765	EGP 0.0083
zh_Hant	EGP	short	code	1234565.0	EGP 123萬
zh_Hant	EGP	short	code	-1230.05	-EGP 1230
zh_Hant		short	code	0.0	0
zh_Hant		short	code	1.2	1.2
zh_Hant		short	code	0.00831765	0.0083
zh_Hant		short	code	1234565.0	123萬
zh_Hant		short	code	-1230.05	-1230
zh_Hant_HK	USD	short	code	0.0	USD 0
zh_Hant_HK	USD	short	code	1.2	USD 1.2
zh_Hant_HK	USD	short	code	0.00831765	USD 0.0083
zh_Hant_HK	USD	short	code	1234565.0	USD 1.2M
zh_Hant_HK	USD	short	code	-1230.05	-USD 1.2K
zh_Hant_HK	EUR	short	code	0.0	EUR 0
zh_Hant_HK	EUR	short	code	1.2	EUR 1.2
zh_Hant_HK	EUR	short	code	0.00831765	EUR 0.0083
zh_Hant_HK	EUR	short	code	1234565.0	EUR 1.2M
zh_Hant_HK	EUR	short	code	-1230.05	-EUR 1.2K
zh_Hant_HK	JPY	short	code	0.0	JPY 0
zh_Hant_HK	JPY	short	code	1.2	JPY 1.2
zh_Hant_HK	JPY	short	code	0.00831765	JPY 0.0083
zh_Hant_HK	JPY	short	code	1234565.0	JPY 1.2M
zh_Hant_HK	JPY	short	code	-1230.05	-JPY 1.2K
zh_Hant_HK	RUB	short	code	0.0	RUB 0
zh_Hant_HK	RUB	short	code	1.2	RUB 1.2
zh_Hant_HK	RUB	short	code	0.00831765	RUB 0.0083
zh_Hant_HK	RUB	short	code	1234565.0	RUB 1.2M
zh_Hant_HK	RUB	short	code	-1230.05	-RUB 1.2K
zh_Hant_HK	EGP	short	code	0.0	EGP 0
zh_Hant_HK	EGP	short	code	1.2	EGP 1.2
zh_Hant_HK	EGP	short	code	0.00831765	EGP 0.0083
zh_Hant_HK	EGP	short	code	1234565.0	EGP 1.2M
zh_Hant_HK	EGP	short	code	-1230.05	-EGP 1.2K
zh_Hant_HK		short	code	0.0	0
zh_Hant_HK		short	code	1.2	1.2
zh_Hant_HK		short	code	0.00831765	0.0083
zh_Hant_HK		short	code	1234565.0	1.2M
zh_Hant_HK		short	code	-1230.05	-1.2K
zu	USD	short	code	0.0	USD 0
zu	USD	short	code	1.2	USD 1.2
zu	USD	short	code	0.00831765	USD 0.0083
zu	USD	short	code	1234565.0	USD 1.2M
zu	USD	short	code	-1230.05	-USD 1.2K
zu	EUR	short	code	0.0	EUR 0
zu	EUR	short	code	1.2	EUR 1.2
zu	EUR	short	code	0.00831765	EUR 0.0083
zu	EUR	short	code	1234565.0	EUR 1.2M
zu	EUR	short	code	-1230.05	-EUR 1.2K
zu	JPY	short	code	0.0	JPY 0
zu	JPY	short	code	1.2	JPY 1.2
zu	JPY	short	code	0.00831765	JPY 0.0083
zu	JPY	short	code	1234565.0	JPY 1.2M
zu	JPY	short	code	-1230.05	-JPY 1.2K
zu	RUB	short	code	0.0	RUB 0
zu	RUB	short	code	1.2	RUB 1.2
zu	RUB	short	code	0.00831765	RUB 0.0083
zu	RUB	short	code	1234565.0	RUB 1.2M
zu	RUB	short	code	-1230.05	-RUB 1.2K
zu	EGP	short	code	0.0	EGP 0
zu	EGP	short	code	1.2	EGP 1.2
zu	EGP	short	code	0.00831765	EGP 0.0083
zu	EGP	short	code	1234565.0	EGP 1.2M
zu	EGP	short	code	-1230.05	-EGP 1.2K
zu		short	code	0.0	0
zu		short	code	1.2	1.2
zu		short	code	0.00831765	0.0083
zu		short	code	1234565.0	1.2M
zu		short	code	-1230.05	-1.2K
